,OrbitingCameraControl.object_x,OrbitingCameraControl.object_y,OrbitingCameraControl.object_z,OrbitingCameraControl.phi,OrbitingCameraControl.radius,OrbitingCameraControl.theta,SunControl.air,SunControl.altitude,SunControl.background_strength,SunControl.dust,SunControl.elevation,SunControl.intensity,SunControl.ozone,SunControl.rotation,SunControl.size,environment,id_l2_3_0,id_linf_4,id_linf_8,id_non_rob,is_correct_l2_3_0,is_correct_linf_4,is_correct_linf_8,is_correct_non_rob,loss_l2_3_0,loss_linf_4,loss_linf_8,loss_non_rob,model,output_type,prediction_l2_3_0,prediction_linf_4,prediction_linf_8,prediction_non_rob
0,-0.5,0,0.253,0.0,0.3,-3.14,3.0,1.0,0.1,1.0,1.57,1.0,1.0,0.0,3.0,studioX_Stage.blend,cf7d903d-e745-4dba-9dba-72b9fff5355c,cb033cf0-51a3-45a6-8104-bc5efb992fba,17faf1c4-551a-4315-bd65-f09dbe1a8c8a,99c46a91-2cc0-4887-9832-fa8a1b7bf1cd,False,False,False,False,5.292597,4.187427,5.0676613,4.614109,025_mug.blend,classes,birdhouse,birdhouse,birdhouse,"plunger, plumber""s helper"
1,-0.5,0,0.253,0.0,0.3,-2.512,3.0,1.0,0.1,1.0,1.57,1.0,1.0,0.0,3.0,studioX_Stage.blend,af460297-0bde-4cf8-af93-c994bbf5e7c9,49f27334-de86-4672-bbbc-6fcbd44d9d24,678555a5-0551-4b55-8ac6-1c9b36ddb9fd,b60cce8a-f037-4cb9-839b-7816fa7c84ef,False,False,False,True,4.440272,2.5699372,3.737248,2.1172729,025_mug.blend,classes,"flatworm, platyhelminth",birdhouse,birdhouse,coffee mug
2,-0.5,0,0.253,0.0,0.3,-1.8840000000000001,3.0,1.0,0.1,1.0,1.57,1.0,1.0,0.0,3.0,studioX_Stage.blend,489913b1-3a07-46d3-893b-15e72871f93d,5f95bfe9-a6ac-4388-a423-13cfdd14f80c,c761379a-d8b0-45ab-a147-88b73a63b416,25d8029a-d977-4821-8cf8-d29dd2cd3ec4,False,False,False,False,3.6924348,2.2660253,2.8626885,2.324173,025_mug.blend,classes,"flatworm, platyhelminth",birdhouse,birdhouse,cup
3,-0.5,0,0.253,0.0,0.3,-1.2560000000000002,3.0,1.0,0.1,1.0,1.57,1.0,1.0,0.0,3.0,studioX_Stage.blend,ec277393-0339-4a4e-8ead-0ebbbf135fcd,01764f7f-0a59-4615-ad12-05a68d077d96,8fd4b581-bc57-469f-a778-57b236be3c0e,54b7d563-730c-48b6-81a5-37e6af78c617,False,False,False,True,3.8809953,2.5157616,3.4447672,1.4450135,025_mug.blend,classes,"flatworm, platyhelminth",birdhouse,birdhouse,coffee mug
4,-0.5,0,0.253,0.0,0.3,-0.6280000000000001,3.0,1.0,0.1,1.0,1.57,1.0,1.0,0.0,3.0,studioX_Stage.blend,beb12c55-f1d0-4822-bfdc-224d8349dd2f,f5474628-3ac7-416c-a8fd-4ffae5144873,77918ba6-cabf-4cb1-aa92-771b704b34cd,3ef912e6-14de-49b6-8b56-7ad6803992b2,False,False,False,False,4.277936,2.8027334,3.9107625,2.5734572,025_mug.blend,classes,"flatworm, platyhelminth",birdhouse,birdhouse,red wine
5,-0.5,0,0.253,0.0,0.3,0.0,3.0,1.0,0.1,1.0,1.57,1.0,1.0,0.0,3.0,studioX_Stage.blend,35429e2a-1994-412a-a39e-e843fa50f67f,bbc8a50a-296a-45d3-97aa-6e9e7c14a136,5526be8a-ead6-4c11-aa30-71d9f387beec,7e322329-7584-4570-b0df-76ba01f4bade,False,False,False,False,4.443203,3.5421135,3.9868317,4.0103226,025_mug.blend,classes,birdhouse,birdhouse,birdhouse,red wine
6,-0.5,0,0.253,0.0,0.3,0.6279999999999997,3.0,1.0,0.1,1.0,1.57,1.0,1.0,0.0,3.0,studioX_Stage.blend,cecbbd87-e606-40c4-aa1c-2d5592edc3a9,baa2305c-1a8f-48ca-8c83-a9e1993e130b,45eb9067-aacb-43a6-b31f-149eeb608f81,6d6f7b07-fb2b-41eb-b9c6-e18c221102db,False,False,False,False,4.258678,2.9041166,4.236022,2.6002314,025_mug.blend,classes,birdhouse,birdhouse,birdhouse,cup
7,-0.5,0,0.253,0.0,0.3,1.2559999999999998,3.0,1.0,0.1,1.0,1.57,1.0,1.0,0.0,3.0,studioX_Stage.blend,f963055c-8474-4191-bdca-18c03fd8f52b,50c4c929-0229-4192-aacb-bd763c8099f3,1fb98748-4017-4107-a41a-b9c6b5235268,0fe0d778-276a-4169-95cc-78acf01aabe9,False,False,False,False,3.8903918,2.2858129,3.794332,2.441557,025_mug.blend,classes,"flatworm, platyhelminth",birdhouse,birdhouse,cup
8,-0.5,0,0.253,0.0,0.3,1.884,3.0,1.0,0.1,1.0,1.57,1.0,1.0,0.0,3.0,studioX_Stage.blend,4de27f1d-85f6-493f-9133-4910ca5789ff,31900177-6a5f-416d-93bf-7ddd9fad350d,1aa5a13c-641a-4952-86a4-53c233643cc6,0cd473de-8e63-4325-9a8a-65d9e29a4f85,False,False,False,False,3.7769094,2.1694303,3.4474168,4.418934,025_mug.blend,classes,birdhouse,birdhouse,birdhouse,nipple
9,-0.5,0,0.253,0.0,0.3,2.512,3.0,1.0,0.1,1.0,1.57,1.0,1.0,0.0,3.0,studioX_Stage.blend,f0fce4b8-4fd0-46b8-9495-79da83011035,76cf226d-9dba-4d74-902a-6b4dad076348,412be7f4-4ab2-42c2-91bc-7d08f6d68fb4,5f15e001-71d3-4160-b816-39144539b34e,False,False,False,False,4.243569,2.4059327,3.5456805,3.1106439,025_mug.blend,classes,birdhouse,birdhouse,birdhouse,nipple
10,-0.5,0,0.253,0.17444444444444443,0.3,-3.14,3.0,1.0,0.1,1.0,1.57,1.0,1.0,0.0,3.0,studioX_Stage.blend,d292eb6f-a73a-4ef8-ac29-800bd1b6ac15,53ed4292-c5ff-4d32-9836-61dd5d50fedf,2da9aae2-20c1-41bf-86f3-3312130db375,434bf173-43e6-4d8e-a6bf-6a53b9de5b5d,False,False,False,False,4.575116,3.9521062,4.2314315,4.868517,025_mug.blend,classes,birdhouse,birdhouse,birdhouse,"plunger, plumber""s helper"
11,-0.5,0,0.253,0.17444444444444443,0.3,-2.512,3.0,1.0,0.1,1.0,1.57,1.0,1.0,0.0,3.0,studioX_Stage.blend,743b3659-1f86-49e7-a660-e77d2448acef,9cec71a9-3790-4a79-a054-35dcef51c50c,4aed16b8-712f-40b3-b80c-b74884578ffe,0651762f-1310-4a6b-80a6-a505ebe3a8d9,False,False,False,False,4.3089857,2.5758958,3.4256225,3.5788069,025_mug.blend,classes,"flatworm, platyhelminth",birdhouse,birdhouse,pencil sharpener
12,-0.5,0,0.253,0.17444444444444443,0.3,-1.8840000000000001,3.0,1.0,0.1,1.0,1.57,1.0,1.0,0.0,3.0,studioX_Stage.blend,1828dca8-f9d6-4717-b3d3-9a3635dee3df,f92cffea-53df-4c53-ac48-d62f602ed5b7,a6b48274-11ec-484d-aae8-74831fa47813,f7e5e048-de51-4309-b92f-403dd2d25960,False,True,False,False,3.3753517,1.8978446,2.2747414,1.8467934,025_mug.blend,classes,"flatworm, platyhelminth",coffee mug,cannon,cup
13,-0.5,0,0.253,0.17444444444444443,0.3,-1.2560000000000002,3.0,1.0,0.1,1.0,1.57,1.0,1.0,0.0,3.0,studioX_Stage.blend,4b6931ec-e6e3-4dd8-8fe1-3a0470a241a3,6faf1c2e-648d-4eb3-ad39-0503f30b9495,cdbb6fa5-0e3f-4068-8b83-ecbb1ff9cb9a,cecde58d-9014-4f06-9dc3-7da5ecd9a0b5,False,True,False,False,3.510023,1.7691531,2.6338274,1.4275275,025_mug.blend,classes,"flatworm, platyhelminth",coffee mug,birdhouse,cup
14,-0.5,0,0.253,0.17444444444444443,0.3,-0.6280000000000001,3.0,1.0,0.1,1.0,1.57,1.0,1.0,0.0,3.0,studioX_Stage.blend,beffd3a4-5f1f-4916-b767-6b574698fab4,6fcae2b0-1699-4655-9a9e-406701a25441,b3669b57-4911-4d42-a3e2-f69175b8c800,03669ed7-8311-46c6-afcc-7e5fa40d8973,False,False,False,False,3.9723783,2.8858576,3.3749487,3.3982127,025_mug.blend,classes,"flatworm, platyhelminth","bucket, pail",birdhouse,pill bottle
15,-0.5,0,0.253,0.17444444444444443,0.3,0.0,3.0,1.0,0.1,1.0,1.57,1.0,1.0,0.0,3.0,studioX_Stage.blend,a55bed94-9e0f-45ca-bbcc-b930e652c809,64bb0371-3d1d-4b4e-a639-badf4ebfa44a,a01a99c7-d028-44f4-8d05-a9c967bc391b,18298940-e2c0-4479-a89e-d60b6069261d,False,False,False,False,4.1888657,3.5093112,3.9600444,4.369308,025_mug.blend,classes,red wine,red wine,birdhouse,red wine
16,-0.5,0,0.253,0.17444444444444443,0.3,0.6279999999999997,3.0,1.0,0.1,1.0,1.57,1.0,1.0,0.0,3.0,studioX_Stage.blend,f46f6923-4929-4da7-8eee-625c2bd2504c,c2bcc263-6433-4a09-ba69-e7d1fff22984,32e3f1bb-7fad-476b-be4b-cc7d84252088,1ec3f2a7-fb12-4a50-a574-4a6d3fde2e7c,False,False,False,False,3.6990073,2.3868973,3.7432568,1.6770455,025_mug.blend,classes,"flatworm, platyhelminth",birdhouse,birdhouse,cup
17,-0.5,0,0.253,0.17444444444444443,0.3,1.2559999999999998,3.0,1.0,0.1,1.0,1.57,1.0,1.0,0.0,3.0,studioX_Stage.blend,a66c37e3-fd68-435d-b083-b6137dfc7420,92b07350-129f-4ff6-ae5d-8ee02a610192,2fd38dd5-3229-412c-b30a-b48241e81906,d64714d0-b947-49cc-a090-cff3f129378f,False,False,False,False,4.0945444,2.1793811,3.3280964,2.2377677,025_mug.blend,classes,"flatworm, platyhelminth",birdhouse,birdhouse,cup
18,-0.5,0,0.253,0.17444444444444443,0.3,1.884,3.0,1.0,0.1,1.0,1.57,1.0,1.0,0.0,3.0,studioX_Stage.blend,fb7c06d8-c2f9-4195-b369-85bc1c5cae5a,05d20e83-7ca6-41e9-b1ae-db00ccc1b894,a5ce930f-9ca1-490b-8226-9d9e291dff7a,0fedf336-d13e-4376-b610-98252f3df473,False,False,False,False,3.730283,1.9773266,2.6820014,1.8274128,025_mug.blend,classes,"flatworm, platyhelminth",birdhouse,birdhouse,cup
19,-0.5,0,0.253,0.17444444444444443,0.3,2.512,3.0,1.0,0.1,1.0,1.57,1.0,1.0,0.0,3.0,studioX_Stage.blend,f2d798f4-bce7-4570-9ed6-e9b1545e42f9,ffe3fcd0-236a-4ac7-8ceb-44e517d3ceef,88bc1d7c-31e7-4e0b-abe4-ff8dea5eeea6,bff536d4-7298-4c21-843a-c33eb152c5de,False,False,False,False,3.807052,2.3019986,3.2313685,2.960659,025_mug.blend,classes,birdhouse,birdhouse,birdhouse,pill bottle
20,-0.5,0,0.253,0.34888888888888886,0.3,-3.14,3.0,1.0,0.1,1.0,1.57,1.0,1.0,0.0,3.0,studioX_Stage.blend,3ef06bdd-899b-42f7-a611-9899e4e97ff6,4adbbf9a-d1dc-4a67-b945-58c0ea4c0697,970a7695-0fe5-4fbe-bdc5-f626ab3f1cf2,c9bbfa40-1187-427d-ade0-947eed5e223c,False,False,False,False,3.0197809,2.8213758,2.9341211,3.760202,025_mug.blend,classes,"flatworm, platyhelminth",birdhouse,birdhouse,pencil sharpener
21,-0.5,0,0.253,0.34888888888888886,0.3,-2.512,3.0,1.0,0.1,1.0,1.57,1.0,1.0,0.0,3.0,studioX_Stage.blend,1e5916cd-34ed-4704-81ad-acf40ce11c79,deaa9b89-4619-4389-84c9-6e2687cf8150,7ab27e76-9d37-41b4-aa60-b973d6ea2abf,dd4dd376-b7dd-490c-ac4c-5bb6d005c0c0,False,False,False,False,3.2568855,2.8744142,2.8540883,4.0619125,025_mug.blend,classes,"flatworm, platyhelminth","bucket, pail",birdhouse,pencil sharpener
22,-0.5,0,0.253,0.34888888888888886,0.3,-1.8840000000000001,3.0,1.0,0.1,1.0,1.57,1.0,1.0,0.0,3.0,studioX_Stage.blend,ed14bfb3-5454-40e1-a3c7-9f39d36d8f5b,1f1a9c36-98a3-4118-b16b-1923fd274523,7209ec3d-f2d3-4717-879b-22e9007395d4,3ad47631-ed04-4047-b0cf-df3d256612a0,False,False,True,False,3.0842319,2.257731,1.7006128,2.4542565,025_mug.blend,classes,"flatworm, platyhelminth","bucket, pail",coffee mug,pencil sharpener
23,-0.5,0,0.253,0.34888888888888886,0.3,-1.2560000000000002,3.0,1.0,0.1,1.0,1.57,1.0,1.0,0.0,3.0,studioX_Stage.blend,5d1847b2-5af9-40d6-810a-bd58b4582259,88881000-c7c9-49f1-bb78-ef0e0c2bda20,2230e7ce-1376-433c-926a-921f1c15052a,68acefa2-a772-4ffa-9cb6-f7c13205252c,False,False,True,False,2.495205,1.4817123,1.7508814,1.7592888,025_mug.blend,classes,"flatworm, platyhelminth",cup,coffee mug,"bucket, pail"
24,-0.5,0,0.253,0.34888888888888886,0.3,-0.6280000000000001,3.0,1.0,0.1,1.0,1.57,1.0,1.0,0.0,3.0,studioX_Stage.blend,f17431f6-c3ea-4c4e-b3a4-48195d751d09,59b0d67c-e42b-4f5b-8078-a50efe9f0ee9,c741560a-3d6d-46ad-a9e2-2f00ed53a857,069259d2-57e7-41d6-a08f-9c8113968e43,False,False,False,False,3.0820684,2.1768675,2.3543015,2.7642195,025_mug.blend,classes,"flatworm, platyhelminth","bucket, pail",birdhouse,pill bottle
25,-0.5,0,0.253,0.34888888888888886,0.3,0.0,3.0,1.0,0.1,1.0,1.57,1.0,1.0,0.0,3.0,studioX_Stage.blend,cf1d66a0-8c2d-40d3-9e6f-a3ca7478fff3,c58d7226-cc14-4410-b8b1-ebb40db1a187,cc349c90-31e1-40fd-a49e-f4ba193e82a4,dab4835d-e73c-430f-bf17-583e84bcc9e7,False,False,False,False,3.7318027,4.6862516,3.1292381,3.1435847,025_mug.blend,classes,red wine,red wine,red wine,"bucket, pail"
26,-0.5,0,0.253,0.34888888888888886,0.3,0.6279999999999997,3.0,1.0,0.1,1.0,1.57,1.0,1.0,0.0,3.0,studioX_Stage.blend,254aebba-155e-4b2c-8d52-d194b9f169d8,558a876f-7938-45c5-a526-8f9327681f1b,d4a4b278-b07d-4a1e-9688-261423e26ceb,2fe6c890-be0f-448d-b6bd-5cb1761e8c85,False,False,False,True,3.2170048,2.0847101,2.6011415,1.7176454,025_mug.blend,classes,"flatworm, platyhelminth","bucket, pail",birdhouse,coffee mug
27,-0.5,0,0.253,0.34888888888888886,0.3,1.2559999999999998,3.0,1.0,0.1,1.0,1.57,1.0,1.0,0.0,3.0,studioX_Stage.blend,6eac42cf-d5ea-4b3d-85ad-32c85ae49385,cabba166-5daa-40a8-accb-c33fd9ff7e14,d8cea02c-54db-46d6-83f5-a89b9462772c,5bfe1ba0-c974-4b82-88e3-57c267102e3f,False,False,True,False,2.747495,1.6977853,1.912307,2.7866735,025_mug.blend,classes,"flatworm, platyhelminth","bucket, pail",coffee mug,"bucket, pail"
28,-0.5,0,0.253,0.34888888888888886,0.3,1.884,3.0,1.0,0.1,1.0,1.57,1.0,1.0,0.0,3.0,studioX_Stage.blend,1cf0784c-5cde-4dfa-ab95-7c438769b18d,afa3fd5f-759b-4f2c-bb95-6c4314e8aaf7,fa109ea8-4997-4f46-81d7-49e109121753,3c3f3d6a-898d-4e31-a9b2-8f3897342ded,False,False,False,False,3.4964395,2.2776413,2.571407,2.3727357,025_mug.blend,classes,"flatworm, platyhelminth","bucket, pail",birdhouse,"bucket, pail"
29,-0.5,0,0.253,0.34888888888888886,0.3,2.512,3.0,1.0,0.1,1.0,1.57,1.0,1.0,0.0,3.0,studioX_Stage.blend,8bb0b5c5-7829-4f80-91cb-15710c85fcd8,d3388664-8ca8-4df3-9cee-19eafe40b125,5c79b887-a555-49b3-9df7-2b74d00c70d8,bb7d7367-8cad-407d-9f44-055ba9db92b5,False,False,False,False,3.1898198,2.5592947,2.7100098,3.787033,025_mug.blend,classes,"flatworm, platyhelminth","bucket, pail",birdhouse,pencil sharpener
30,-0.5,0,0.253,0.5233333333333333,0.3,-3.14,3.0,1.0,0.1,1.0,1.57,1.0,1.0,0.0,3.0,studioX_Stage.blend,43d9d2b2-5b34-4099-9d97-37258530dbd1,30d695d2-193d-449c-969c-ba29dca0190b,9e282655-28c9-49a3-9da3-68283ac2fc92,26b9c642-225e-4164-8be9-f0e0f6718723,False,False,False,False,2.001153,2.5412705,1.7070282,4.5591164,025_mug.blend,classes,"bucket, pail","bucket, pail","bucket, pail",pencil sharpener
31,-0.5,0,0.253,0.5233333333333333,0.3,-2.512,3.0,1.0,0.1,1.0,1.57,1.0,1.0,0.0,3.0,studioX_Stage.blend,29276e29-1828-4d18-ac3f-b04285f2df73,7a0acd22-6713-4219-a65b-1ac6c4cc0754,7ccb80d1-59b4-43d7-a75b-502236072611,bb2b2851-feb9-4387-8705-7ae2302f77a0,False,False,False,False,2.0995107,2.6962497,1.925185,4.998515,025_mug.blend,classes,"bucket, pail","bucket, pail","bucket, pail","bucket, pail"
32,-0.5,0,0.253,0.5233333333333333,0.3,-1.8840000000000001,3.0,1.0,0.1,1.0,1.57,1.0,1.0,0.0,3.0,studioX_Stage.blend,d1bcc2e7-f3ec-454a-899b-47db03869334,d6560fe2-fc1f-4168-ac36-f3ab4e6ee5dc,2d90aba5-99a7-4739-83e0-933d3527eb1d,01ae1383-ee92-44aa-a424-891f5960e2a7,False,False,True,False,1.6604434,2.1054242,1.458201,3.4541564,025_mug.blend,classes,"bucket, pail","bucket, pail",coffee mug,"bucket, pail"
33,-0.5,0,0.253,0.5233333333333333,0.3,-1.2560000000000002,3.0,1.0,0.1,1.0,1.57,1.0,1.0,0.0,3.0,studioX_Stage.blend,9eb766b6-85ff-4ae0-b90d-455787bc79fa,ba65c923-b34b-4f34-880f-4915d453c73b,5f1226be-ce37-4e15-8e43-29326bb8eee4,116b94f4-2367-4f0b-9d80-d8410582017a,False,True,True,True,1.4451243,0.8511164,1.0853546,1.010449,025_mug.blend,classes,cup,coffee mug,coffee mug,coffee mug
34,-0.5,0,0.253,0.5233333333333333,0.3,-0.6280000000000001,3.0,1.0,0.1,1.0,1.57,1.0,1.0,0.0,3.0,studioX_Stage.blend,a04e138f-8381-4e13-95d0-3947ac9b0f36,9cbc979a-2c9f-481c-8586-a0c2426fe23d,dec5f8ae-7353-4857-bcf2-c85d9c46af85,75c3b37f-e78a-4844-a5f6-670bfca6d4e7,False,False,True,False,2.301579,1.9545491,1.5570039,2.77264,025_mug.blend,classes,"bucket, pail","bucket, pail",coffee mug,"bucket, pail"
35,-0.5,0,0.253,0.5233333333333333,0.3,0.0,3.0,1.0,0.1,1.0,1.57,1.0,1.0,0.0,3.0,studioX_Stage.blend,b97924f4-ef82-4df5-9f9d-1d438d738c19,88362210-0201-4388-9371-51e1a17d8843,73d2bfd0-9f85-48ce-aa42-a595ed66925b,da644c34-ce2b-4361-8978-e57cb392b447,False,False,False,False,2.7159896,2.8110073,2.264844,4.980006,025_mug.blend,classes,"bucket, pail","bucket, pail","bucket, pail","bucket, pail"
36,-0.5,0,0.253,0.5233333333333333,0.3,0.6279999999999997,3.0,1.0,0.1,1.0,1.57,1.0,1.0,0.0,3.0,studioX_Stage.blend,540af225-b773-4b1e-ba5e-c4b6dd63d69c,c7d0f738-f918-4e0a-80db-b36aeaddd4b3,9baa8f22-fe47-4950-b4ae-cab0c5927370,b39dab2b-2307-4b00-8cca-88d906e84674,False,False,True,False,2.4677885,1.6398547,1.4153287,2.7386572,025_mug.blend,classes,"bucket, pail","bucket, pail",coffee mug,"bucket, pail"
37,-0.5,0,0.253,0.5233333333333333,0.3,1.2559999999999998,3.0,1.0,0.1,1.0,1.57,1.0,1.0,0.0,3.0,studioX_Stage.blend,cce1ceac-bf55-4d95-baa1-828a637eae48,29f9fc5c-cd65-47fc-a11b-504ef034ba99,7609509b-1c97-421d-a281-86a264ab18e2,7c1252cb-7381-45c3-8a5d-4a1f9af8fcdc,False,False,True,False,1.6816963,1.3996241,1.2881231,2.204642,025_mug.blend,classes,"bucket, pail","bucket, pail",coffee mug,"bucket, pail"
38,-0.5,0,0.253,0.5233333333333333,0.3,1.884,3.0,1.0,0.1,1.0,1.57,1.0,1.0,0.0,3.0,studioX_Stage.blend,37a9db19-d2d6-45f5-8151-2542b3272d69,25f528bb-653e-4392-a6e5-4d8e6c2ec069,73e3ad9b-0395-48bf-8225-52116525a780,7e053cab-1964-4f8b-a1dd-adc8d1bf18c0,False,False,False,False,2.577128,2.4340677,2.0399344,6.747725,025_mug.blend,classes,"bucket, pail","bucket, pail","bucket, pail","bucket, pail"
39,-0.5,0,0.253,0.5233333333333333,0.3,2.512,3.0,1.0,0.1,1.0,1.57,1.0,1.0,0.0,3.0,studioX_Stage.blend,5529b8e2-5cd4-427c-bb12-adfeab1adaf5,6aeae45f-9ba0-45e2-aa98-81d3b1e7c1c4,a6b29415-0a6c-4c3c-ad40-da9667bcc200,9afeb7a8-7f93-4de4-8e60-14ffd41175a9,False,False,False,False,2.0668287,2.5990412,1.8317498,5.047013,025_mug.blend,classes,"bucket, pail","bucket, pail","bucket, pail",pencil sharpener
40,-0.5,0,0.253,0.6977777777777777,0.3,-3.14,3.0,1.0,0.1,1.0,1.57,1.0,1.0,0.0,3.0,studioX_Stage.blend,4729e1c5-2f6e-4782-9cfe-90c24d249c09,aa3a7b61-d662-4041-b74b-ae9e34bcbb7c,dc7ad331-f75a-4f38-a2b8-ae3e606e68ea,66562bdd-b470-4d02-94c6-a4958c732a28,False,False,False,False,2.3228998,2.240819,1.5734713,2.9438856,025_mug.blend,classes,"bucket, pail","bucket, pail","bucket, pail","bucket, pail"
41,-0.5,0,0.253,0.6977777777777777,0.3,-2.512,3.0,1.0,0.1,1.0,1.57,1.0,1.0,0.0,3.0,studioX_Stage.blend,c95b0288-ecfe-416a-830e-f57d04ec6eb6,906de47e-945d-49c9-b059-fd26ca148ab9,24c31289-903d-4a44-bc2c-6cf7a849fc84,55ab88c8-3233-49af-ab95-ac5b8e7bd97f,False,False,False,False,2.3148594,2.3510692,1.6481713,3.0005636,025_mug.blend,classes,"bucket, pail","bucket, pail","bucket, pail","bucket, pail"
42,-0.5,0,0.253,0.6977777777777777,0.3,-1.8840000000000001,3.0,1.0,0.1,1.0,1.57,1.0,1.0,0.0,3.0,studioX_Stage.blend,fc9904d2-3ffe-4f09-9949-a5be5ea5f73d,30cb6a13-5dd1-4e15-b629-603f85a9b7ae,d2c5a20f-e2b3-4cfc-b1f1-32232f41ab5e,b9e538bf-cfdb-4c70-8cc2-8eb39bc991db,False,True,True,False,1.2226273,0.7899628,1.0077077,2.5885699,025_mug.blend,classes,cup,coffee mug,coffee mug,"bucket, pail"
43,-0.5,0,0.253,0.6977777777777777,0.3,-1.2560000000000002,3.0,1.0,0.1,1.0,1.57,1.0,1.0,0.0,3.0,studioX_Stage.blend,308b724f-ecd3-4107-a9f9-d5bbc2a28649,79683b98-4986-4653-97b1-619c6fdd954c,1c27efa6-cf91-4897-a1ef-1a401a172d38,4712b726-f6d1-434b-9891-736505628560,False,True,True,True,0.92067623,0.48129493,0.5676742,0.8598042,025_mug.blend,classes,cup,coffee mug,coffee mug,coffee mug
44,-0.5,0,0.253,0.6977777777777777,0.3,-0.6280000000000001,3.0,1.0,0.1,1.0,1.57,1.0,1.0,0.0,3.0,studioX_Stage.blend,e4aee44f-c98b-4270-93cd-4dc48296ebb0,7229c953-9b5b-4330-814e-2ebd95de49c0,00268b2e-88fe-4bd1-b731-a8e993fcab51,6fcf6603-14ca-4cfc-986d-87db672844ff,False,False,True,True,2.0473742,1.7159578,1.1138784,1.3675352,025_mug.blend,classes,"bucket, pail","bucket, pail",coffee mug,coffee mug
45,-0.5,0,0.253,0.6977777777777777,0.3,0.0,3.0,1.0,0.1,1.0,1.57,1.0,1.0,0.0,3.0,studioX_Stage.blend,a2822303-aa59-4b55-846d-6c801f8a7d39,1d559a47-6b11-47ae-8f2c-4beb18887f65,fa513005-14a6-4a8c-a03b-622347568622,f4b6a92e-1e7b-47db-902e-91be8156ffb5,False,False,False,False,2.505456,2.4580321,1.6316772,4.9550657,025_mug.blend,classes,"bucket, pail","bucket, pail","bucket, pail","bucket, pail"
46,-0.5,0,0.253,0.6977777777777777,0.3,0.6279999999999997,3.0,1.0,0.1,1.0,1.57,1.0,1.0,0.0,3.0,studioX_Stage.blend,d58d0a55-2892-4be5-87bd-a9a1e0612a64,ba04bc08-2e7b-44d4-a7fd-289572a9a784,ba3b197a-8e2c-41ce-932a-8942729745a7,c89bec20-66e0-493e-8a86-667d38c5d736,False,False,True,False,2.220663,2.0622113,1.2497147,2.7776344,025_mug.blend,classes,"bucket, pail","bucket, pail",coffee mug,"bucket, pail"
47,-0.5,0,0.253,0.6977777777777777,0.3,1.2559999999999998,3.0,1.0,0.1,1.0,1.57,1.0,1.0,0.0,3.0,studioX_Stage.blend,8781b50e-00d9-45ae-a8b0-73d7d9aa7557,087f5c7c-4880-45a4-8159-7458ae43be83,bcc1d785-08b3-4195-ae43-e835838a4363,8501ec63-940c-4bb4-a2f3-10155ed689d9,False,True,True,True,1.2010577,0.6758302,0.5918841,0.95495015,025_mug.blend,classes,cup,coffee mug,coffee mug,coffee mug
48,-0.5,0,0.253,0.6977777777777777,0.3,1.884,3.0,1.0,0.1,1.0,1.57,1.0,1.0,0.0,3.0,studioX_Stage.blend,e90954a3-d5f6-4a61-a02a-bb05e7875f22,d4a31cd9-2e3d-401a-89c6-c3f3ab3bf5e6,9a37e9d9-717f-41e0-974f-a712d26b6127,7cd815f4-0b67-4990-9260-a2f7d2562c7c,False,False,False,False,2.5922878,2.4862754,1.8919892,3.763649,025_mug.blend,classes,"bucket, pail","bucket, pail","bucket, pail","bucket, pail"
49,-0.5,0,0.253,0.6977777777777777,0.3,2.512,3.0,1.0,0.1,1.0,1.57,1.0,1.0,0.0,3.0,studioX_Stage.blend,8f1ab19e-6bec-4984-9efb-33f6a13c4f95,7121bfb9-0371-4b8d-9eea-b4d1ef6c6f1c,0d3e7ce8-f9a5-4f56-af6e-101bc22ffb11,7ef5bcff-5d44-4e74-ba73-5101b0b9540a,False,False,False,False,2.2607493,2.43612,1.5401754,4.387907,025_mug.blend,classes,"bucket, pail","bucket, pail","bucket, pail","bucket, pail"
50,-0.5,0,0.253,0.8722222222222223,0.3,-3.14,3.0,1.0,0.1,1.0,1.57,1.0,1.0,0.0,3.0,studioX_Stage.blend,d82bb546-bff3-41f2-84b4-764c21f9f4e9,093a6eba-0b11-452a-88c3-d95487005f28,494a89eb-1486-4b3e-881a-52e61dbf412d,e41e0b6b-c3ba-476c-84f4-178bf12c55eb,False,False,False,False,2.4494536,2.217318,1.7806997,5.439754,025_mug.blend,classes,"bucket, pail","bucket, pail","bucket, pail","bucket, pail"
51,-0.5,0,0.253,0.8722222222222223,0.3,-2.512,3.0,1.0,0.1,1.0,1.57,1.0,1.0,0.0,3.0,studioX_Stage.blend,63177ef7-0337-4a88-9aa0-712cc5ba0798,75d3d002-85fa-4910-802c-cf6738993ed2,47766c20-1c9a-423d-89cc-5412e7854090,ade26fe6-df2a-4722-b740-6c1e352e254e,False,False,False,False,2.3573608,2.6429205,1.8270657,6.2032895,025_mug.blend,classes,"bucket, pail","bucket, pail","bucket, pail","bucket, pail"
52,-0.5,0,0.253,0.8722222222222223,0.3,-1.8840000000000001,3.0,1.0,0.1,1.0,1.57,1.0,1.0,0.0,3.0,studioX_Stage.blend,ecd9506b-8188-482c-8323-6290179a8c40,7d1dfe1b-0c48-4f08-8395-069ebe733dcd,75dbe17c-9320-426c-bf3b-002fbc846f6f,86731c9f-9884-4eea-b67a-37a8ce9fdc8f,False,True,True,False,0.8749575,0.50440764,0.6960845,1.805233,025_mug.blend,classes,cup,coffee mug,coffee mug,cup
53,-0.5,0,0.253,0.8722222222222223,0.3,-1.2560000000000002,3.0,1.0,0.1,1.0,1.57,1.0,1.0,0.0,3.0,studioX_Stage.blend,f441632b-f329-44d9-b1fd-28cf962ffe7e,4858ffbc-5a5c-4e35-ae56-8531619e1851,0638b658-9269-4df7-b101-3408fbdab5a8,5dd1add0-69ee-4078-b323-f40305fedb9d,False,True,True,False,0.7945823,0.3801577,0.502646,1.0543226,025_mug.blend,classes,cup,coffee mug,coffee mug,cup
54,-0.5,0,0.253,0.8722222222222223,0.3,-0.6280000000000001,3.0,1.0,0.1,1.0,1.57,1.0,1.0,0.0,3.0,studioX_Stage.blend,403c7248-d092-4878-9ce3-fb6378a43749,213be103-635f-4ac6-a358-a2e733c8e19a,548a740d-9b9d-40d3-8674-120e9dbc7206,ae5af1da-f374-4183-a72e-2a9db266721d,False,False,True,True,1.8419427,1.5545008,1.4183247,1.3169136,025_mug.blend,classes,"bucket, pail","bucket, pail",coffee mug,coffee mug
55,-0.5,0,0.253,0.8722222222222223,0.3,0.0,3.0,1.0,0.1,1.0,1.57,1.0,1.0,0.0,3.0,studioX_Stage.blend,5a616fa7-6531-46e8-b4af-ebe5765ff8e5,f53d671f-0699-4ba4-81d1-0e6529f6001f,29dcf1c5-4a3b-487b-908d-38cc9da0e5e0,4a7b3956-165a-4e79-b064-c16bbf9b7b83,False,False,False,False,2.2998486,2.1839595,1.9491447,3.8282697,025_mug.blend,classes,"bucket, pail","bucket, pail","bucket, pail","bucket, pail"
56,-0.5,0,0.253,0.8722222222222223,0.3,0.6279999999999997,3.0,1.0,0.1,1.0,1.57,1.0,1.0,0.0,3.0,studioX_Stage.blend,c3bbe2ff-5056-470e-a822-a01b2ed23eae,ff175ce5-93bc-45c2-828f-0c66a6e568d5,7f348a09-74fd-495b-bbd9-e0e5fa3f9bb1,ccd0251c-5300-4355-854d-7e574825513f,False,False,False,False,2.132597,2.1126232,1.6359704,2.3175988,025_mug.blend,classes,"bucket, pail","bucket, pail","bucket, pail","bucket, pail"
57,-0.5,0,0.253,0.8722222222222223,0.3,1.2559999999999998,3.0,1.0,0.1,1.0,1.57,1.0,1.0,0.0,3.0,studioX_Stage.blend,ddbcbb3e-bc38-41ee-9468-72c0cbc5ad6b,be684add-ab01-4d0a-8861-1e729ce19da5,844f2852-717e-4ec0-ba1b-4cc3b387e9a4,3ba4d1c3-6a8a-4a03-a2d0-88cd87f70fec,False,True,True,False,0.8498987,0.56237173,0.48817608,1.2487469,025_mug.blend,classes,cup,coffee mug,coffee mug,cup
58,-0.5,0,0.253,0.8722222222222223,0.3,1.884,3.0,1.0,0.1,1.0,1.57,1.0,1.0,0.0,3.0,studioX_Stage.blend,1716b65a-4859-4794-ac8d-121502a9837e,e252a7ed-c06c-488f-91a8-2c662a13981f,b4a50fa3-8c1c-43ea-9d58-e924c0eb17f8,909fa855-4b17-4f13-a938-2dbbd8fa91cf,False,False,True,False,1.6577146,1.4517598,1.2042695,6.014955,025_mug.blend,classes,"bucket, pail","bucket, pail",coffee mug,"bucket, pail"
59,-0.5,0,0.253,0.8722222222222223,0.3,2.512,3.0,1.0,0.1,1.0,1.57,1.0,1.0,0.0,3.0,studioX_Stage.blend,50b18aa6-4dd4-41a6-badc-cf5e5ab91eaa,27a481a2-6544-41bd-8c84-6d7689ae236b,7889ce4f-fa65-431f-b075-0fccc2542f8b,4341e256-f41c-4b7c-9566-22cf800e5aea,False,False,False,False,2.3584752,2.3212526,1.9209571,7.1584115,025_mug.blend,classes,"bucket, pail","bucket, pail","bucket, pail","bucket, pail"
60,-0.5,0,0.253,1.0466666666666666,0.3,-3.14,3.0,1.0,0.1,1.0,1.57,1.0,1.0,0.0,3.0,studioX_Stage.blend,2916fc89-5560-4512-bf43-e385b1066104,b83f19c2-cba5-4073-80f8-2130f7a4d3e3,7084d438-225f-4ccd-9bb3-f37c8762cce4,0d16209b-3c17-42fd-aaa6-7469bb5c51a4,False,False,False,False,2.6067286,2.093474,1.9870671,4.613147,025_mug.blend,classes,"bucket, pail","bucket, pail","bucket, pail","bucket, pail"
61,-0.5,0,0.253,1.0466666666666666,0.3,-2.512,3.0,1.0,0.1,1.0,1.57,1.0,1.0,0.0,3.0,studioX_Stage.blend,bebdca16-411e-42b3-a566-06ee053a08ee,8c022428-ec54-4e79-baa0-ff7d7ad413b2,048cfd8b-7b86-4faf-a827-67e8efa4a501,d331c543-da06-4845-8578-8d27884c666f,False,False,True,False,2.2845225,1.7129909,1.714411,6.1261754,025_mug.blend,classes,"bucket, pail","bucket, pail",coffee mug,"bucket, pail"
62,-0.5,0,0.253,1.0466666666666666,0.3,-1.8840000000000001,3.0,1.0,0.1,1.0,1.57,1.0,1.0,0.0,3.0,studioX_Stage.blend,08f12680-7a04-4cfa-afd4-a340d50045d5,df70d80e-3dd1-485e-b61c-2634612d1341,ec920ce8-7142-4fcc-95f6-dacf5f39b3f6,5146ad43-17aa-4e5f-a2ec-1ef91ef9a0b7,False,True,True,False,0.80967796,0.41182443,0.53631437,1.6396388,025_mug.blend,classes,cup,coffee mug,coffee mug,cup
63,-0.5,0,0.253,1.0466666666666666,0.3,-1.2560000000000002,3.0,1.0,0.1,1.0,1.57,1.0,1.0,0.0,3.0,studioX_Stage.blend,0cf67a66-89c8-4943-ab1b-a4d857c9988a,4bf966e9-e86b-4fde-924b-fe9bad2bcd5c,eb24d93c-394c-4844-99a7-db495afb1bb9,f04f55f5-a762-4cb1-ad22-79daec010bc6,True,True,True,False,0.7089857,0.31179473,0.48549968,1.5009353,025_mug.blend,classes,coffee mug,coffee mug,coffee mug,cup
64,-0.5,0,0.253,1.0466666666666666,0.3,-0.6280000000000001,3.0,1.0,0.1,1.0,1.57,1.0,1.0,0.0,3.0,studioX_Stage.blend,3449deba-23f8-40d9-a085-fb39b92813be,32425693-2f1e-4afe-901c-f63fe0ff84b4,0244b8ef-58fd-4108-a814-fb16d7b7c4c9,0648d3d0-768a-41d7-b2ec-4c120dbe3a64,False,False,False,False,2.4490829,1.6196299,2.0499368,2.3766685,025_mug.blend,classes,"bucket, pail","bucket, pail","bucket, pail","bucket, pail"
65,-0.5,0,0.253,1.0466666666666666,0.3,0.0,3.0,1.0,0.1,1.0,1.57,1.0,1.0,0.0,3.0,studioX_Stage.blend,1985b8b9-1660-4087-9355-33e9641a379f,75a022c5-c842-4c8a-8ab5-5fd5ff5fd0c1,15b44025-60ac-469c-96bf-0a485e3e58de,f4bfd456-6174-44a4-86c9-5ca59440edb5,False,False,False,False,2.8935494,2.5625167,2.0988038,3.3129075,025_mug.blend,classes,"bucket, pail","bucket, pail","bucket, pail","bucket, pail"
66,-0.5,0,0.253,1.0466666666666666,0.3,0.6279999999999997,3.0,1.0,0.1,1.0,1.57,1.0,1.0,0.0,3.0,studioX_Stage.blend,e821f3af-6e7b-49b9-9707-42d876ca280c,20c3d3ae-5a0a-4d7a-b497-093e0e317b92,45aaa0e3-6e29-4f3b-99a3-e1963ef066ad,2472bffc-2251-4393-b368-4be6b4404750,False,False,True,False,2.7161493,1.5840187,1.8521485,2.647395,025_mug.blend,classes,"bucket, pail","bucket, pail",coffee mug,"bucket, pail"
67,-0.5,0,0.253,1.0466666666666666,0.3,1.2559999999999998,3.0,1.0,0.1,1.0,1.57,1.0,1.0,0.0,3.0,studioX_Stage.blend,74d24d3b-12b3-4785-bfbc-0f8c63b6b5e7,e2d59a77-8dfb-4bee-a55d-601d59d23391,d78ce8f1-de90-4cea-b257-ccb7824d5767,c010b4d1-e6ee-4c39-97ac-510861fe325b,True,True,True,False,0.73703235,0.39696273,0.41025662,1.548088,025_mug.blend,classes,coffee mug,coffee mug,coffee mug,cup
68,-0.5,0,0.253,1.0466666666666666,0.3,1.884,3.0,1.0,0.1,1.0,1.57,1.0,1.0,0.0,3.0,studioX_Stage.blend,48e67ab6-ccbd-45fb-96c9-df5ccd51ac14,87ecd8be-6de3-4bea-9323-b3df9323ff88,824c3b5e-61cb-48ff-bdf5-0be8899f0836,6227db64-ee3a-45b2-923c-ddf49269e5a1,False,True,True,False,1.0554707,0.49489304,0.5698539,2.505752,025_mug.blend,classes,cup,coffee mug,coffee mug,"bucket, pail"
69,-0.5,0,0.253,1.0466666666666666,0.3,2.512,3.0,1.0,0.1,1.0,1.57,1.0,1.0,0.0,3.0,studioX_Stage.blend,7e420ee7-34a6-4e75-a27c-3b17c503e4c9,9f9e5866-5ac7-4856-a1f4-5f3c9c97e09f,039743d7-314f-4364-a16c-eb0c426f3c25,dd27380b-8727-4a7b-bbd7-7d91e4a23bd3,False,False,True,False,2.2519124,1.7632,1.7572906,7.1642528,025_mug.blend,classes,"bucket, pail","bucket, pail",coffee mug,"bucket, pail"
70,-0.5,0,0.253,1.221111111111111,0.3,-3.14,3.0,1.0,0.1,1.0,1.57,1.0,1.0,0.0,3.0,studioX_Stage.blend,8588cabc-aa49-479d-9f4f-c60215b2c872,a91e629c-45bb-4c03-9c88-7f55ae6d3bc0,714852fb-0740-4e46-b347-57b5923f4497,1c4af225-e5de-48df-bc99-047ecf8a16bc,False,False,False,False,3.424748,2.8764548,3.2101917,6.7850704,025_mug.blend,classes,"bucket, pail","ashcan, trash can, garbage can, wastebin, ash bin, ash-bin, ashbin, dustbin, trash barrel, trash bin","ashcan, trash can, garbage can, wastebin, ash bin, ash-bin, ashbin, dustbin, trash barrel, trash bin","bucket, pail"
71,-0.5,0,0.253,1.221111111111111,0.3,-2.512,3.0,1.0,0.1,1.0,1.57,1.0,1.0,0.0,3.0,studioX_Stage.blend,23c0a892-cf8f-49d6-8782-6f4c4dfbe533,0b71d0ab-ebfc-42c8-9aea-54a771472cee,ef80bff9-f3c6-4868-924b-9eb7477e7eed,a03c0e72-7e4f-408b-827c-a61df52020d4,False,False,False,False,3.295201,2.7524402,2.9866133,5.6418266,025_mug.blend,classes,"ashcan, trash can, garbage can, wastebin, ash bin, ash-bin, ashbin, dustbin, trash barrel, trash bin","ashcan, trash can, garbage can, wastebin, ash bin, ash-bin, ashbin, dustbin, trash barrel, trash bin","ashcan, trash can, garbage can, wastebin, ash bin, ash-bin, ashbin, dustbin, trash barrel, trash bin","bucket, pail"
72,-0.5,0,0.253,1.221111111111111,0.3,-1.8840000000000001,3.0,1.0,0.1,1.0,1.57,1.0,1.0,0.0,3.0,studioX_Stage.blend,a1759160-9a17-4bec-8c08-0cf276ebf178,f33c4326-d7c0-4eed-a051-2856efad91b0,69739437-eabe-4f2b-9aa2-2283bf518251,45193899-f5bc-4d3d-8472-5d8a494caaae,False,True,True,True,1.0472693,0.7074532,0.91326004,0.970299,025_mug.blend,classes,cup,coffee mug,coffee mug,coffee mug
73,-0.5,0,0.253,1.221111111111111,0.3,-1.2560000000000002,3.0,1.0,0.1,1.0,1.57,1.0,1.0,0.0,3.0,studioX_Stage.blend,fb8ffb39-4ade-43a5-8457-c3967a073aae,a2496180-bdfc-46ff-8981-a6c05669cc01,331d8f51-a9b9-4db5-b6c2-471d04ead247,57357b24-3046-4452-ad79-4b6e111a1d7f,False,True,True,True,1.0354898,0.4388072,0.97646564,0.9186989,025_mug.blend,classes,cup,coffee mug,coffee mug,coffee mug
74,-0.5,0,0.253,1.221111111111111,0.3,-0.6280000000000001,3.0,1.0,0.1,1.0,1.57,1.0,1.0,0.0,3.0,studioX_Stage.blend,fc4f5d90-07cc-4021-9ffb-2326627940ef,91173adb-e23a-4d4c-8a7d-3e4964b39d3a,c0d33ef8-b863-4276-a3d2-3b27b0f19836,f2047cb1-f9f2-4bd3-afcb-c9a2b51eac28,False,False,False,False,3.3884377,2.6262062,2.9135141,2.0149302,025_mug.blend,classes,"bucket, pail","bucket, pail","pitcher, ewer","bucket, pail"
75,-0.5,0,0.253,1.221111111111111,0.3,0.0,3.0,1.0,0.1,1.0,1.57,1.0,1.0,0.0,3.0,studioX_Stage.blend,5eb6690f-5041-4d46-9c85-704479d7e233,bb151910-2567-42e7-ba7c-be9c58c22e1e,4d5d501c-dc9b-42ae-b7c0-332775ea36c0,84b7ac3b-8446-4f58-ab32-d6486736dd1e,False,False,False,False,3.6380966,3.4456716,2.5060887,5.103047,025_mug.blend,classes,"bucket, pail","bucket, pail","ashcan, trash can, garbage can, wastebin, ash bin, ash-bin, ashbin, dustbin, trash barrel, trash bin","bucket, pail"
76,-0.5,0,0.253,1.221111111111111,0.3,0.6279999999999997,3.0,1.0,0.1,1.0,1.57,1.0,1.0,0.0,3.0,studioX_Stage.blend,57ac3e30-5322-47d9-ac18-7288cb38663c,ffc18572-9c7b-4d12-ac71-b0f06d706b1f,f9694777-f639-4983-a8d0-c6e04d1a3520,95ef3c23-7e14-4a0d-bce0-da6b75fe0f86,False,False,False,False,3.5062168,2.5466886,2.7175865,3.303406,025_mug.blend,classes,"bucket, pail","bucket, pail","pitcher, ewer","bucket, pail"
77,-0.5,0,0.253,1.221111111111111,0.3,1.2559999999999998,3.0,1.0,0.1,1.0,1.57,1.0,1.0,0.0,3.0,studioX_Stage.blend,a752f00d-fa39-4175-abb3-33e30181ae5a,c661915a-2c5e-4dff-b658-d86fa57ca10a,44204a00-6a4c-4c31-8d03-79f7c3d3de38,a420d8e2-0b7d-4944-a152-19232cf9ee61,False,True,True,False,1.2412688,0.5738783,0.88818806,1.6776289,025_mug.blend,classes,cup,coffee mug,coffee mug,"bucket, pail"
78,-0.5,0,0.253,1.221111111111111,0.3,1.884,3.0,1.0,0.1,1.0,1.57,1.0,1.0,0.0,3.0,studioX_Stage.blend,714cf60b-59ad-49df-a48e-b3906a54a69b,47bfa313-d48c-47f1-9cdb-60a3d40b8e52,2c84bdd6-d8c5-4225-9050-2dbd42c43660,8d3a59d1-6b39-43a8-9b9f-32efee3bff51,False,True,True,False,1.37413,0.7651345,0.9788036,1.9794428,025_mug.blend,classes,cup,coffee mug,coffee mug,"bucket, pail"
79,-0.5,0,0.253,1.221111111111111,0.3,2.512,3.0,1.0,0.1,1.0,1.57,1.0,1.0,0.0,3.0,studioX_Stage.blend,cfa3a669-c05e-41f9-b7d9-34e76fa92cb7,6ee1fa71-fdff-4b2b-984d-a2a83b730429,8f443567-4a0b-4841-8c96-db57c6af541c,54cf4d84-60c0-4834-aabe-6f5347b03565,False,False,False,False,3.2906544,2.7276886,3.114784,7.8072844,025_mug.blend,classes,"ashcan, trash can, garbage can, wastebin, ash bin, ash-bin, ashbin, dustbin, trash barrel, trash bin","ashcan, trash can, garbage can, wastebin, ash bin, ash-bin, ashbin, dustbin, trash barrel, trash bin","ashcan, trash can, garbage can, wastebin, ash bin, ash-bin, ashbin, dustbin, trash barrel, trash bin","bucket, pail"
80,-0.5,0,0.253,1.3955555555555554,0.3,-3.14,3.0,1.0,0.1,1.0,1.57,1.0,1.0,0.0,3.0,studioX_Stage.blend,3eaa5bfd-1a77-4728-b86d-381b220d6698,ec68b39a-1aae-47df-9f95-164a7e5deec7,1681da73-f69f-4571-826f-8524aa508d97,9e514cd9-5adc-438a-9cc4-6c4999eaae00,False,False,False,False,3.82616,3.384656,4.0275607,6.645179,025_mug.blend,classes,pencil sharpener,pill bottle,pill bottle,"bucket, pail"
81,-0.5,0,0.253,1.3955555555555554,0.3,-2.512,3.0,1.0,0.1,1.0,1.57,1.0,1.0,0.0,3.0,studioX_Stage.blend,a87c9769-ea52-435f-becf-492d4bfbcc89,9a7829c9-0501-49bc-a769-9bd0b97f3e85,024617c3-2099-4c64-ba6c-327df13ddaf4,a39f046a-7eeb-425b-a9f4-660dfa06b588,False,False,False,False,3.881472,3.5179656,4.305827,6.15149,025_mug.blend,classes,pencil sharpener,pill bottle,pill bottle,"bucket, pail"
82,-0.5,0,0.253,1.3955555555555554,0.3,-1.8840000000000001,3.0,1.0,0.1,1.0,1.57,1.0,1.0,0.0,3.0,studioX_Stage.blend,548d782a-4f23-47b3-8573-d866ef20d17f,e619c05b-399c-4a32-864f-e19694f141ab,1530c3c8-54f3-42a7-845f-9cfa7172eca5,f5755127-8ebc-4a8f-81c2-ddcbbba50af3,False,True,True,True,0.917089,0.54786944,0.7381773,0.5420445,025_mug.blend,classes,cup,coffee mug,coffee mug,coffee mug
83,-0.5,0,0.253,1.3955555555555554,0.3,-1.2560000000000002,3.0,1.0,0.1,1.0,1.57,1.0,1.0,0.0,3.0,studioX_Stage.blend,41c8f1a8-5582-4eb7-a321-197ce015c123,0938aeed-0485-4d3f-99aa-a835e0984c92,f24390c6-8bb2-47e2-b350-32d9a0696479,0bb7d361-3e62-4ddd-9c16-12c3425026ee,True,True,False,True,0.9030982,0.6145682,1.1161523,0.45509675,025_mug.blend,classes,coffee mug,coffee mug,cup,coffee mug
84,-0.5,0,0.253,1.3955555555555554,0.3,-0.6280000000000001,3.0,1.0,0.1,1.0,1.57,1.0,1.0,0.0,3.0,studioX_Stage.blend,5d1ae076-20cd-4218-a954-34f8121a143c,d7d139b0-6165-4923-a40e-a5bd09bad986,5484550b-d30f-4b1b-824e-2981551a081c,2ae3c3af-42b3-4105-bd17-b727cf531d0f,False,False,False,False,4.6495643,4.4603925,3.6565042,2.9177303,025_mug.blend,classes,"mailbox, letter box","ashcan, trash can, garbage can, wastebin, ash bin, ash-bin, ashbin, dustbin, trash barrel, trash bin","mailbox, letter box","bucket, pail"
85,-0.5,0,0.253,1.3955555555555554,0.3,0.0,3.0,1.0,0.1,1.0,1.57,1.0,1.0,0.0,3.0,studioX_Stage.blend,60455884-4f56-4f8d-9657-eaa67c16a858,b5a0495d-f593-4b99-bbcc-6a802ba6128b,73bd6284-e917-432f-811d-26ef30ac5ff1,c33ded10-d5ca-4e99-a89f-3523a1b5498f,False,False,False,False,5.4030685,4.735881,4.424978,6.140716,025_mug.blend,classes,"mailbox, letter box","mailbox, letter box","mailbox, letter box","bucket, pail"
86,-0.5,0,0.253,1.3955555555555554,0.3,0.6279999999999997,3.0,1.0,0.1,1.0,1.57,1.0,1.0,0.0,3.0,studioX_Stage.blend,c0e774a2-aad4-4eae-a18f-8ed7f9fc9d27,11317bfe-4d8c-4228-82f6-16e49a0a0c7c,1fe9db34-5608-4e84-b35d-82edc656aba5,fdc5675a-c43d-452c-b5c0-b8e91f4bdbf0,False,False,False,False,4.755253,4.681267,3.5476215,4.5896034,025_mug.blend,classes,"mailbox, letter box","mailbox, letter box","mailbox, letter box","bucket, pail"
87,-0.5,0,0.253,1.3955555555555554,0.3,1.2559999999999998,3.0,1.0,0.1,1.0,1.57,1.0,1.0,0.0,3.0,studioX_Stage.blend,b638d28e-c354-4c50-ab5f-d352365fd220,2608d160-147c-4420-bcee-242a882f0f18,42c23148-08df-4fe5-b854-02414dccf9f5,69c64254-e534-4b52-82cf-505dd5a0af9f,False,True,True,True,0.9497735,0.750304,1.0341502,0.9123009,025_mug.blend,classes,cup,coffee mug,coffee mug,coffee mug
88,-0.5,0,0.253,1.3955555555555554,0.3,1.884,3.0,1.0,0.1,1.0,1.57,1.0,1.0,0.0,3.0,studioX_Stage.blend,5c7683bb-d185-4696-acaf-36aed136da01,57b3c16c-36c3-4fad-aa60-7d6d7f971a3f,c170f318-b4d2-49f1-b228-22922c2ee77e,fc943762-bad5-4b12-9045-729ea332d1ae,False,True,True,True,1.1175839,0.68869954,0.80525666,0.5388114,025_mug.blend,classes,cup,coffee mug,coffee mug,coffee mug
89,-0.5,0,0.253,1.3955555555555554,0.3,2.512,3.0,1.0,0.1,1.0,1.57,1.0,1.0,0.0,3.0,studioX_Stage.blend,db459564-f863-4747-9f1f-684e234d140e,6ab01f4a-9c6a-4a13-8832-cf3addc15424,c6310249-f9ac-4ba3-ad51-d2ffb05c245b,0c633001-b878-4836-9219-d6616555f758,False,False,False,False,4.0602293,4.1156745,4.30834,6.3882556,025_mug.blend,classes,pencil sharpener,pill bottle,pill bottle,"bucket, pail"
90,-0.5,0,0.253,1.57,0.3,-3.14,3.0,1.0,0.1,1.0,1.57,1.0,1.0,0.0,3.0,studioX_Stage.blend,84f536c5-ec33-45ae-9836-19006156854b,549055ae-dfe6-4386-93a6-b1bf85fcddb9,7d27f3f3-195b-4762-a772-1a096c7206bf,9289771c-7f1c-487d-a7c2-59c5eac3cb94,False,False,False,False,3.4611816,3.5440617,3.396129,4.9355555,025_mug.blend,classes,beaker,"bucket, pail",pill bottle,"bucket, pail"
91,-0.5,0,0.253,1.57,0.3,-2.512,3.0,1.0,0.1,1.0,1.57,1.0,1.0,0.0,3.0,studioX_Stage.blend,65a35e62-32d0-41c2-ac12-d47de3b5acd2,f85d5940-2bb8-4e0b-8c8e-fe32d4ba39a3,49099824-9728-437e-922d-32cbcc549328,dff54e4c-677d-432e-ab6c-64d1dad549f8,False,False,False,False,3.5242186,3.53113,3.5797777,5.5067973,025_mug.blend,classes,beaker,"bucket, pail",pill bottle,"bucket, pail"
92,-0.5,0,0.253,1.57,0.3,-1.8840000000000001,3.0,1.0,0.1,1.0,1.57,1.0,1.0,0.0,3.0,studioX_Stage.blend,23a11b9e-5121-4337-a878-708930f98eb4,2f5bd722-e2be-4d6a-8794-d01023e95c48,8a1a68b4-8627-4130-b35a-e7a833664823,3b24a3ed-1e12-42fd-90d8-3d31b0bdcf9f,False,True,False,True,0.9840038,0.62285554,1.3701988,0.7312892,025_mug.blend,classes,cup,coffee mug,cup,coffee mug
93,-0.5,0,0.253,1.57,0.3,-1.2560000000000002,3.0,1.0,0.1,1.0,1.57,1.0,1.0,0.0,3.0,studioX_Stage.blend,358994c7-d6ed-41f5-97a4-000cae0dbc80,565195de-8985-4895-8a0c-cbf66b0ab14e,7cfcc7d0-dd99-4209-ac01-934e9ecc0782,797d40c9-2c25-4b83-ab76-f090221459d5,False,True,False,True,0.8508199,0.6603743,1.2189151,0.6983269,025_mug.blend,classes,cup,coffee mug,cup,coffee mug
94,-0.5,0,0.253,1.57,0.3,-0.6280000000000001,3.0,1.0,0.1,1.0,1.57,1.0,1.0,0.0,3.0,studioX_Stage.blend,a4bc7f2c-2d18-4a5b-b0a9-ffc5c4c328c8,ac77b98a-6cb5-4f35-b070-d7983e39d19b,984d674b-b3dd-4c18-9ec0-596f6e826096,83ac0de3-fb9e-4eca-a192-f8c0771141e4,False,False,False,False,3.6979098,3.81738,4.7906604,1.7217422,025_mug.blend,classes,pencil sharpener,red wine,screwdriver,water jug
95,-0.5,0,0.253,1.57,0.3,0.0,3.0,1.0,0.1,1.0,1.57,1.0,1.0,0.0,3.0,studioX_Stage.blend,575cc6fc-56a2-4a06-8963-080ae69f6b43,3b691c1f-1a0c-47d9-ae23-5992566222aa,3fda2a4c-4150-4050-a533-0544b0d1388c,1d8e0d62-5796-4148-b481-154d13a50ac8,False,False,False,False,4.474726,4.494994,5.310668,3.2858803,025_mug.blend,classes,"mailbox, letter box",red wine,"mailbox, letter box","bucket, pail"
96,-0.5,0,0.253,1.57,0.3,0.6279999999999997,3.0,1.0,0.1,1.0,1.57,1.0,1.0,0.0,3.0,studioX_Stage.blend,7ed4c3d2-a749-4211-bf4d-520865aad2de,ce4cd91e-3c1d-4018-8e77-1441c3b2c5b9,03a2f002-18c3-4c9e-9082-54fdaa5ccdc8,d3ac5e27-a6f0-4a8d-a5f9-503f4344a819,False,False,False,False,2.794047,2.2582648,3.2401266,2.8525245,025_mug.blend,classes,cup,cup,screwdriver,"bucket, pail"
97,-0.5,0,0.253,1.57,0.3,1.2559999999999998,3.0,1.0,0.1,1.0,1.57,1.0,1.0,0.0,3.0,studioX_Stage.blend,13ae7228-e763-4373-8950-357b450c8829,efc1fd4b-4591-4bfb-8b4a-6697fc113188,b01d31a3-ae48-424b-ac45-088ffe04122a,10369c48-0343-4e24-9e2b-71c3c1ae7713,False,True,True,True,0.9432521,0.68702334,1.1012833,0.96759814,025_mug.blend,classes,cup,coffee mug,coffee mug,coffee mug
98,-0.5,0,0.253,1.57,0.3,1.884,3.0,1.0,0.1,1.0,1.57,1.0,1.0,0.0,3.0,studioX_Stage.blend,bbc88194-fca5-4aef-a7de-d10cd8e60cb1,a01ecda4-f9bb-4c8c-8f30-fcd0e41712c9,9fc31c71-83b2-411e-944a-ea041e8b5328,fd861b61-26c3-47c2-a70e-ec61db05b97b,False,True,True,True,1.2798473,0.8767444,1.3558464,0.90672624,025_mug.blend,classes,cup,coffee mug,coffee mug,coffee mug
99,-0.5,0,0.253,1.57,0.3,2.512,3.0,1.0,0.1,1.0,1.57,1.0,1.0,0.0,3.0,studioX_Stage.blend,8425297a-7bfb-429f-a6e7-d7e29218f32e,8946b3b6-b1d6-4935-b3af-524d980072ae,0c1a44fe-f1b3-4774-90e5-7c20b295f0b6,08e679e0-13c4-449f-a199-8be5b78fae73,False,False,False,False,3.5929484,3.715549,3.5555758,5.2629213,025_mug.blend,classes,beaker,"bucket, pail",pill bottle,"bucket, pail"
100,-0.5,0,0.253,0.0,0.3,-3.14,3.0,1.0,0.1,1.0,1.57,1.0,1.0,0.0,3.0,studioX_Stage.blend,d9adc52c-fb9f-4a36-bfa8-9d50f87ea3d0,a7779061-2867-41d0-8b35-296923c5aadf,5f72d494-970b-4563-ad67-dd9049339f9b,20ad901c-3b24-4234-9fae-64ccf4160ac3,False,False,False,False,5.9940424,5.763627,5.7337856,1.9717764,cup.blend,classes,sea urchin,bib,bib,pill bottle
101,-0.5,0,0.253,0.0,0.3,-2.512,3.0,1.0,0.1,1.0,1.57,1.0,1.0,0.0,3.0,studioX_Stage.blend,76c622c7-a60f-447d-8c48-4f9aa06c8e0a,0a375ef8-a436-42b8-af93-4089ac7a56cf,9e2d05fe-29c0-462c-883d-a73f4382a4ab,c94d9b3a-e16f-40aa-b74f-f849b72b54c8,False,False,False,False,6.0405455,5.80853,5.7054596,2.2669427,cup.blend,classes,sea urchin,ping-pong ball,bib,pill bottle
102,-0.5,0,0.253,0.0,0.3,-1.8840000000000001,3.0,1.0,0.1,1.0,1.57,1.0,1.0,0.0,3.0,studioX_Stage.blend,f041d114-07f4-4a21-bbe8-da5e76a6e69b,31372d4e-9016-4206-b1c1-5800e24a4bcb,4c42166c-986d-4115-b70e-597068f9eb5c,cd16aad2-cc12-40ae-b3af-1505934ae5bd,False,False,False,False,6.0228977,5.8150153,5.765851,2.3087277,cup.blend,classes,sea urchin,ping-pong ball,bib,ping-pong ball
103,-0.5,0,0.253,0.0,0.3,-1.2560000000000002,3.0,1.0,0.1,1.0,1.57,1.0,1.0,0.0,3.0,studioX_Stage.blend,f86d4577-6c1c-40b6-a230-e140fb69e202,7d069e54-b1d7-4008-8073-1fa082f6fe30,464c69d3-328b-4fa2-9d80-066bae5d193c,3c01f4a7-f555-4725-90ea-2a5cf03f2ea4,False,False,False,False,5.9770875,5.8592863,5.7767124,2.4482937,cup.blend,classes,sea urchin,ping-pong ball,bib,pill bottle
104,-0.5,0,0.253,0.0,0.3,-0.6280000000000001,3.0,1.0,0.1,1.0,1.57,1.0,1.0,0.0,3.0,studioX_Stage.blend,d85c8c99-28ec-4351-941a-e3e382eb0429,93788169-06b7-45b0-8048-8bec7cc110c2,b38fa8fc-ba8a-4a79-a33b-38359cc5eb75,ed881ea5-0987-45ae-b778-033cc60397f8,False,False,False,False,6.12471,5.878108,5.811131,2.8967278,cup.blend,classes,sea urchin,ping-pong ball,bib,pill bottle
105,-0.5,0,0.253,0.0,0.3,0.0,3.0,1.0,0.1,1.0,1.57,1.0,1.0,0.0,3.0,studioX_Stage.blend,37b5b6c9-e9be-46b4-bb4e-64897c8f84b3,166dbd3f-9854-4d61-9ce3-7898f1bea1ae,c29dbcd1-fda5-4f59-a85f-d5d60818dae0,fe31ad60-032e-4f51-b142-fd56a71a90b4,False,False,False,False,6.118947,5.806796,5.821292,1.9259844,cup.blend,classes,sea urchin,bib,bib,pill bottle
106,-0.5,0,0.253,0.0,0.3,0.6279999999999997,3.0,1.0,0.1,1.0,1.57,1.0,1.0,0.0,3.0,studioX_Stage.blend,e40cfbe2-6d36-4bb2-934f-e3562292953c,117cc86e-2ce0-4a9a-a301-aadc1848d70a,57992f6f-6f06-4182-8f79-2b5f385719d5,a2761c08-9943-44c1-bce2-3d8c74988f64,False,False,False,False,6.1878023,5.884609,5.831984,2.0921888,cup.blend,classes,sea urchin,ping-pong ball,bib,ping-pong ball
107,-0.5,0,0.253,0.0,0.3,1.2559999999999998,3.0,1.0,0.1,1.0,1.57,1.0,1.0,0.0,3.0,studioX_Stage.blend,c7940e63-df20-439c-abff-b400a3466ef5,c1510b1e-a71a-4aa0-a4a2-45aabae3f60f,8075a9d9-d8eb-4d88-8a66-d3b375847fa5,58529833-79e8-4de5-9571-2eac5f97eccf,False,False,False,False,6.012669,5.823621,5.804395,1.6227672,cup.blend,classes,sea urchin,ping-pong ball,bib,pill bottle
108,-0.5,0,0.253,0.0,0.3,1.884,3.0,1.0,0.1,1.0,1.57,1.0,1.0,0.0,3.0,studioX_Stage.blend,00ac1657-eb4e-480d-bbc5-8b7a43686d1c,c345c4e5-f585-4998-ada0-daa6b48afba4,3b05f3c3-eafe-423a-82f1-58a5494711bb,54ef8cd5-043a-42b2-a332-5dab4c08aaf5,False,False,False,False,5.961092,5.7353606,5.710473,1.6856865,cup.blend,classes,sea urchin,ping-pong ball,bib,pill bottle
109,-0.5,0,0.253,0.0,0.3,2.512,3.0,1.0,0.1,1.0,1.57,1.0,1.0,0.0,3.0,studioX_Stage.blend,abc5447e-fc0e-477b-9730-ef8d8b8c8ee9,40651f70-678e-4ee0-aa58-638bb7fd8f81,051a53c0-5898-49fb-af12-8c474e8a6adc,7de62204-4b76-4b82-bc7a-ba1a670aaefc,False,False,False,False,6.076797,5.7329693,5.674288,2.2804167,cup.blend,classes,sea urchin,bib,bib,pill bottle
110,-0.5,0,0.253,0.17444444444444443,0.3,-3.14,3.0,1.0,0.1,1.0,1.57,1.0,1.0,0.0,3.0,studioX_Stage.blend,ab6bbb6d-dac2-4649-b3f4-1eba70c0b65e,1f903dbe-bc1c-4e3d-944f-d1d191a1ba0a,b4b979bb-549d-4a1b-a3fc-c2cd76034903,37db94dc-fa5b-4520-9b2a-a94cc09118a8,False,False,False,True,5.99469,5.7597256,5.589898,1.302407,cup.blend,classes,sea urchin,ping-pong ball,bib,cup
111,-0.5,0,0.253,0.17444444444444443,0.3,-2.512,3.0,1.0,0.1,1.0,1.57,1.0,1.0,0.0,3.0,studioX_Stage.blend,bf99bc29-ec4d-40ab-8246-aaa6255de027,9ab1babd-b00b-430d-81ca-e50286fc8496,80593870-94a7-48be-ab43-6b33df4ce2d7,d0dae724-c1fd-4658-aa36-cb86a7df0443,False,False,False,False,6.026039,5.8069825,5.6303663,2.2579384,cup.blend,classes,sea urchin,ping-pong ball,bib,pill bottle
112,-0.5,0,0.253,0.17444444444444443,0.3,-1.8840000000000001,3.0,1.0,0.1,1.0,1.57,1.0,1.0,0.0,3.0,studioX_Stage.blend,c79f4792-f49b-4c79-a2ee-7a2461f9f9ad,79ef91cc-a314-4419-bdce-87f411d59b37,47a9eb6e-14c2-4eac-8c88-fd4b8bcf4cab,488d527b-13ea-4930-9bf7-7c5aaa1ba6c3,False,False,False,False,5.988228,5.768351,5.634057,2.1961691,cup.blend,classes,sea urchin,ping-pong ball,bib,ping-pong ball
113,-0.5,0,0.253,0.17444444444444443,0.3,-1.2560000000000002,3.0,1.0,0.1,1.0,1.57,1.0,1.0,0.0,3.0,studioX_Stage.blend,7a4ca6b7-a20b-4943-a735-36da4d786e24,b8fcf156-32da-4aba-8be8-0bbd8f4edd99,e9835d82-c91c-460a-888a-b5dc4720c722,68e6243b-1472-439e-b7c5-e44ec35bddad,False,False,False,False,6.018823,5.8400393,5.7263637,2.6809378,cup.blend,classes,sea urchin,ping-pong ball,bib,ping-pong ball
114,-0.5,0,0.253,0.17444444444444443,0.3,-0.6280000000000001,3.0,1.0,0.1,1.0,1.57,1.0,1.0,0.0,3.0,studioX_Stage.blend,32cea3a1-d007-4878-a85f-a5c844d2900f,ca1cad18-4fa5-42b9-b725-15b6764c202c,77b21c8c-c9c1-48a4-b174-d48df78f489a,8ca9b6ba-e5dd-44dc-8237-39fcd5938d84,False,False,False,False,6.0523677,5.784642,5.698846,3.1791434,cup.blend,classes,sea urchin,ping-pong ball,bib,ping-pong ball
115,-0.5,0,0.253,0.17444444444444443,0.3,0.0,3.0,1.0,0.1,1.0,1.57,1.0,1.0,0.0,3.0,studioX_Stage.blend,4687362e-59d6-4cd8-9de8-636661925d5b,79bf87e6-6ea0-42ee-8dd4-ab4dda8ee60e,bb0fd87b-3d0e-4582-922b-439967be827a,ef9140ff-cc24-427a-82be-cc3b95499d25,False,False,False,False,6.106278,5.733737,5.725075,3.1478806,cup.blend,classes,sea urchin,ping-pong ball,bib,ping-pong ball
116,-0.5,0,0.253,0.17444444444444443,0.3,0.6279999999999997,3.0,1.0,0.1,1.0,1.57,1.0,1.0,0.0,3.0,studioX_Stage.blend,645d8670-61cc-4372-9595-ab2494cea02a,1971b33b-beb9-43b2-b764-86077befa4db,7a42d609-3dcf-4b98-b968-6ae750343262,5df726e3-112d-412e-8fb9-3e6b0c876d87,False,False,False,False,6.095871,5.8059487,5.7272906,3.2419183,cup.blend,classes,sea urchin,ping-pong ball,bib,ping-pong ball
117,-0.5,0,0.253,0.17444444444444443,0.3,1.2559999999999998,3.0,1.0,0.1,1.0,1.57,1.0,1.0,0.0,3.0,studioX_Stage.blend,1d0b6483-8139-47f5-891c-ad32a534b657,639e75e4-7104-4dea-9dd3-27edc26bd456,8aa89132-9668-4f89-8025-36a22dc63c4a,9e5c64e5-71f7-49b2-9c20-fb8180f31132,False,False,False,False,5.991839,5.7989664,5.655254,2.5396843,cup.blend,classes,sea urchin,ping-pong ball,bib,ping-pong ball
118,-0.5,0,0.253,0.17444444444444443,0.3,1.884,3.0,1.0,0.1,1.0,1.57,1.0,1.0,0.0,3.0,studioX_Stage.blend,091c32c9-f79a-4529-81d0-51c889a6371b,e899ab57-bb8d-4b56-b5be-1f972815282f,e177aa98-986d-4167-b787-9a25805f8cf0,ee37b0af-6311-4c8f-949d-ccda8a1b65ce,False,False,False,False,5.94402,5.7277536,5.664652,1.4678552,cup.blend,classes,sea urchin,ping-pong ball,bib,ping-pong ball
119,-0.5,0,0.253,0.17444444444444443,0.3,2.512,3.0,1.0,0.1,1.0,1.57,1.0,1.0,0.0,3.0,studioX_Stage.blend,879df879-25de-4992-b1c8-233301395073,e8d39791-1318-4017-9fe6-0834410a9de8,3cdf686a-0fdd-4ac8-943f-bff9496eed08,98feb340-0eef-41a1-9f0e-d97745216a27,False,False,False,False,6.0142574,5.7132974,5.6002865,2.735278,cup.blend,classes,sea urchin,ping-pong ball,bib,pill bottle
120,-0.5,0,0.253,0.34888888888888886,0.3,-3.14,3.0,1.0,0.1,1.0,1.57,1.0,1.0,0.0,3.0,studioX_Stage.blend,5fff04d6-5e2b-4d7b-9940-c346b73f3556,d6fab680-553c-47ef-8496-228d56024b9a,909eb7b3-5570-4a09-90cd-804a91dc5622,fcb909f5-9da7-4eee-a96c-f9bb37a157d8,False,False,False,True,5.8822184,5.7671356,5.2852,1.0198748,cup.blend,classes,sea urchin,ping-pong ball,bib,cup
121,-0.5,0,0.253,0.34888888888888886,0.3,-2.512,3.0,1.0,0.1,1.0,1.57,1.0,1.0,0.0,3.0,studioX_Stage.blend,bff82532-4a16-4a7b-b752-b9b41824c59c,ef53ef8e-2619-42d7-96fa-a44afb686d92,c4c13364-a579-434c-8476-ee9edc86f649,1228f4db-a8a5-4b32-aafb-e4382c6e5f07,False,False,False,False,6.067785,5.8591557,5.2959595,1.9114273,cup.blend,classes,sea urchin,ping-pong ball,bib,ping-pong ball
122,-0.5,0,0.253,0.34888888888888886,0.3,-1.8840000000000001,3.0,1.0,0.1,1.0,1.57,1.0,1.0,0.0,3.0,studioX_Stage.blend,316a7865-21e5-47cb-8109-3302afaf471d,42d7e9a9-927b-4d2d-8d3d-083ede12dd70,3a63dac4-c79c-46c9-8685-a040f3393f22,7a7be83b-bf39-41f3-a06f-8afff2837491,False,False,False,True,5.9376717,5.9071956,5.280724,1.2238706,cup.blend,classes,sea urchin,ping-pong ball,bib,cup
123,-0.5,0,0.253,0.34888888888888886,0.3,-1.2560000000000002,3.0,1.0,0.1,1.0,1.57,1.0,1.0,0.0,3.0,studioX_Stage.blend,93b9b0e0-4d28-4195-be95-efcf7e511452,ea2dd07e-ad42-4cea-a1d9-17fdc7ee36d5,e2ccb788-0519-4ccb-8327-028e9273629f,f68ac1af-0484-423b-ba05-c0b89f95900a,False,False,False,True,5.954741,5.850724,5.422457,1.6893076,cup.blend,classes,sea urchin,ping-pong ball,bib,cup
124,-0.5,0,0.253,0.34888888888888886,0.3,-0.6280000000000001,3.0,1.0,0.1,1.0,1.57,1.0,1.0,0.0,3.0,studioX_Stage.blend,df365d47-4a2d-4172-a2a8-d34b2180e2ff,ccf5473d-662d-42a4-aade-8d83d994c321,b702d664-cb98-48b3-aed2-b03fae5abccf,ae99516b-5b4d-4ca8-a8e3-bd31efe54012,False,False,False,True,5.93467,5.782879,5.494115,1.2817715,cup.blend,classes,sea urchin,ping-pong ball,bib,cup
125,-0.5,0,0.253,0.34888888888888886,0.3,0.0,3.0,1.0,0.1,1.0,1.57,1.0,1.0,0.0,3.0,studioX_Stage.blend,a9b08edb-3dbf-4225-9e66-8170fdbb76c7,14cc90ad-7c70-4a4a-bc4c-f069fe6eb88e,080ffc8f-efbf-47fd-bf3d-843bcae2db9b,2b9e9b18-ed69-4d8f-8a6b-309bb07310c0,False,False,False,False,6.122425,5.7552586,5.508362,2.1229851,cup.blend,classes,sea urchin,ping-pong ball,bib,ping-pong ball
126,-0.5,0,0.253,0.34888888888888886,0.3,0.6279999999999997,3.0,1.0,0.1,1.0,1.57,1.0,1.0,0.0,3.0,studioX_Stage.blend,543b7772-dcc7-4c08-877f-4068b1e9c656,dc859a0a-8368-40a6-96d4-b8f904545d23,fb7a7429-c7d7-4475-aaf7-4847bc8df674,a44b01a4-6f51-4bfa-8e24-16761faaeec7,False,False,False,False,6.083072,5.804557,5.5395055,2.8292522,cup.blend,classes,sea urchin,ping-pong ball,bib,ping-pong ball
127,-0.5,0,0.253,0.34888888888888886,0.3,1.2559999999999998,3.0,1.0,0.1,1.0,1.57,1.0,1.0,0.0,3.0,studioX_Stage.blend,c5b4d539-603a-4ee9-bda1-2e02ae8ac688,c16a75e6-770a-4df2-8c5b-a8088310bad7,d0b96af6-3e5a-4279-ab65-15bc02712c16,e0b6d273-001e-450c-ac05-6d4086461769,False,False,False,False,5.8196564,5.7529006,5.4647217,1.4626007,cup.blend,classes,sea urchin,ping-pong ball,bib,ping-pong ball
128,-0.5,0,0.253,0.34888888888888886,0.3,1.884,3.0,1.0,0.1,1.0,1.57,1.0,1.0,0.0,3.0,studioX_Stage.blend,709b3358-08bd-4086-9387-1610acc645ce,754d4eba-1dcf-4478-96eb-6241853604c7,f06cb3ff-8e2b-4eec-9195-15e49637872d,33469323-f106-4ad5-af71-efb195bd7dbd,False,False,False,True,5.9044595,5.706093,5.480856,1.1395887,cup.blend,classes,sea urchin,ping-pong ball,bib,cup
129,-0.5,0,0.253,0.34888888888888886,0.3,2.512,3.0,1.0,0.1,1.0,1.57,1.0,1.0,0.0,3.0,studioX_Stage.blend,2e71583b-86c8-4469-9975-c30617c59a4f,9c1833ad-a8dc-4992-91e8-5becacb84441,2e9e47cb-7e25-4ee6-a19b-938314cfb0bf,a2e14160-369f-4839-a69a-73ae3125e5b1,False,False,False,True,5.892832,5.605324,5.165604,0.5649805,cup.blend,classes,sea urchin,ping-pong ball,bib,cup
130,-0.5,0,0.253,0.5233333333333333,0.3,-3.14,3.0,1.0,0.1,1.0,1.57,1.0,1.0,0.0,3.0,studioX_Stage.blend,478c02d2-39f1-4a5b-8bef-54c2ca51764f,a8df9783-f44e-41d1-9511-a97a3bcc148f,f8feb1d9-b643-4f9f-a7bb-a7d78a2bad1c,736dc383-4b3e-44a6-baef-f218f5619180,False,False,False,True,5.6093874,5.825282,5.108846,0.6842128,cup.blend,classes,hermit crab,ping-pong ball,golf ball,cup
131,-0.5,0,0.253,0.5233333333333333,0.3,-2.512,3.0,1.0,0.1,1.0,1.57,1.0,1.0,0.0,3.0,studioX_Stage.blend,12b50a66-11a4-4915-b175-be061f3787af,0eec0dde-3dd8-44fb-a92b-2311ac707592,04a3ff68-6d5d-4582-add5-ffe0964bc398,1f8851e7-ec74-422d-adac-2baf5dd7eb88,False,False,False,True,5.8556614,5.8331423,5.134031,1.4717802,cup.blend,classes,hermit crab,ping-pong ball,golf ball,cup
132,-0.5,0,0.253,0.5233333333333333,0.3,-1.8840000000000001,3.0,1.0,0.1,1.0,1.57,1.0,1.0,0.0,3.0,studioX_Stage.blend,dd330ade-dae2-418c-8a37-c710af44e4d8,acb30c14-6d31-4ed0-8e9a-77e1ff0f17c6,2ad3d3e2-c256-4bb1-8483-f7598af1057d,2c8623a2-fe97-4bca-9953-fb84899c9be2,False,False,False,True,5.910711,5.992528,5.1116133,1.0765407,cup.blend,classes,hermit crab,ping-pong ball,bib,cup
133,-0.5,0,0.253,0.5233333333333333,0.3,-1.2560000000000002,3.0,1.0,0.1,1.0,1.57,1.0,1.0,0.0,3.0,studioX_Stage.blend,900a1e80-34c8-47e7-aa54-6cccd3bef9b3,4255c0ea-3474-4079-8b63-54546a464682,c86ecac9-183f-446a-810b-89aa5ba29d77,6077c949-9971-4e97-9046-41bdd5590664,False,False,False,True,5.797233,5.902516,5.168907,1.3846568,cup.blend,classes,hermit crab,ping-pong ball,bib,cup
134,-0.5,0,0.253,0.5233333333333333,0.3,-0.6280000000000001,3.0,1.0,0.1,1.0,1.57,1.0,1.0,0.0,3.0,studioX_Stage.blend,282d08b8-9373-4a96-a103-f8cd4b1700b0,78a93d3a-35ad-41fc-bb50-e9f9600448df,1a4e8b31-fd0b-4fa7-9f0f-4a2719bc9b5e,0dacf728-f235-43cd-ab13-7390aee97174,False,False,False,True,5.9003983,5.9188867,5.231415,0.97020966,cup.blend,classes,sea urchin,ping-pong ball,bib,cup
135,-0.5,0,0.253,0.5233333333333333,0.3,0.0,3.0,1.0,0.1,1.0,1.57,1.0,1.0,0.0,3.0,studioX_Stage.blend,2a072088-e0d9-49d7-abca-41d8c40beeaf,29788ae5-e403-4db3-ab04-7256f97f1422,1c3bcb73-f9e5-4693-9c93-e0bdf4cd72ba,b443b6c9-57bb-4264-9861-01aec1eff4d8,False,False,False,False,6.0250716,5.7954574,5.2979326,1.6152294,cup.blend,classes,sea urchin,ping-pong ball,bib,ping-pong ball
136,-0.5,0,0.253,0.5233333333333333,0.3,0.6279999999999997,3.0,1.0,0.1,1.0,1.57,1.0,1.0,0.0,3.0,studioX_Stage.blend,cb5588d7-3890-4227-ad36-1a35cdab3cb2,b57d3f3b-e71b-461c-ac89-64d7bf0cc16b,d1c56728-9036-47c0-b1c5-ebbe6767a923,a581b457-6f9c-4a62-82db-911592bf4b41,False,False,False,False,5.9506435,5.8710794,5.2180624,2.534779,cup.blend,classes,sea urchin,ping-pong ball,bib,ping-pong ball
137,-0.5,0,0.253,0.5233333333333333,0.3,1.2559999999999998,3.0,1.0,0.1,1.0,1.57,1.0,1.0,0.0,3.0,studioX_Stage.blend,af0c2c96-0412-4a62-af1c-18ff88f320b2,086dd524-d8fd-4ff6-9cae-ab4c58c1687c,c84aa366-8f85-459a-bf21-f6360bc07a63,b8d43100-c12e-4206-96d7-6f20ae491784,False,False,False,False,5.781231,5.7776856,5.318042,1.7899752,cup.blend,classes,sea urchin,ping-pong ball,bib,pill bottle
138,-0.5,0,0.253,0.5233333333333333,0.3,1.884,3.0,1.0,0.1,1.0,1.57,1.0,1.0,0.0,3.0,studioX_Stage.blend,15db3990-b679-4e44-8d40-fde14b5c590a,b266759c-1adb-4050-9c52-a746b8194ca0,9d050586-a2ef-424b-aadc-03d6b7c77594,1f7f08eb-45ae-4a0b-984b-ca59efe91548,False,False,False,False,5.780718,5.8542604,5.2453375,1.3203471,cup.blend,classes,sea urchin,ping-pong ball,bib,ping-pong ball
139,-0.5,0,0.253,0.5233333333333333,0.3,2.512,3.0,1.0,0.1,1.0,1.57,1.0,1.0,0.0,3.0,studioX_Stage.blend,4834a4bb-ffb1-4841-8384-8038e0931de5,f441dcea-c86e-4f7d-bc08-7a6226efa157,0ce907f9-efb7-419e-944e-daaff6bd26b2,0fad67c6-3989-44b3-a0f1-98d49b4162a5,False,False,False,True,5.8483515,5.599333,5.123163,0.91253996,cup.blend,classes,hermit crab,ping-pong ball,golf ball,cup
140,-0.5,0,0.253,0.6977777777777777,0.3,-3.14,3.0,1.0,0.1,1.0,1.57,1.0,1.0,0.0,3.0,studioX_Stage.blend,64c0637f-18e7-42b8-99e9-2f32f956c44a,e79840ab-4239-48fc-aa6b-6ab495ec77eb,4ad5aefb-1c26-4e5b-8951-668e310c2aad,935008b9-e3db-474b-a95b-6f94bab1f2b2,False,False,False,True,5.2178283,5.2359095,4.728095,0.80201924,cup.blend,classes,hermit crab,ping-pong ball,golf ball,cup
141,-0.5,0,0.253,0.6977777777777777,0.3,-2.512,3.0,1.0,0.1,1.0,1.57,1.0,1.0,0.0,3.0,studioX_Stage.blend,65a9e639-1d11-49bd-8d40-e6fd50d4721d,3f0e1ecc-ec08-4b85-8ea1-4a80571debd0,c117f450-4a8b-4d73-97fd-7601bee7c971,03ddfa89-01c6-4dce-b893-b450e5bd6796,False,False,False,False,5.478972,5.2950983,4.8705645,1.3495557,cup.blend,classes,hermit crab,ping-pong ball,golf ball,pill bottle
142,-0.5,0,0.253,0.6977777777777777,0.3,-1.8840000000000001,3.0,1.0,0.1,1.0,1.57,1.0,1.0,0.0,3.0,studioX_Stage.blend,42f481d6-07fb-40b3-aae6-0709eabd2b40,09550308-15cc-45d7-a7bb-0d7005389252,18ccf5f2-9656-45b4-8f1e-a82ac9e577e6,5d5490ab-3e2c-4b46-b985-2f4239b7fb9a,False,False,False,False,5.590611,5.5522747,4.807043,1.4904928,cup.blend,classes,hermit crab,ping-pong ball,golf ball,pill bottle
143,-0.5,0,0.253,0.6977777777777777,0.3,-1.2560000000000002,3.0,1.0,0.1,1.0,1.57,1.0,1.0,0.0,3.0,studioX_Stage.blend,6f84c201-7e3a-4bc0-8e5e-e9f834ccd4fa,168018b8-5031-407e-bc7a-d2cabdcb3d94,8dd2c393-28e2-43bf-a0f3-705cfe5db273,0d2b0580-f62c-4c54-a64d-db6a6ba8f674,False,False,False,True,5.4590335,5.3490963,4.573774,0.4095275,cup.blend,classes,hermit crab,ping-pong ball,golf ball,cup
144,-0.5,0,0.253,0.6977777777777777,0.3,-0.6280000000000001,3.0,1.0,0.1,1.0,1.57,1.0,1.0,0.0,3.0,studioX_Stage.blend,983d7ee1-ef2a-4f4d-aaaf-e3417f791914,29749061-1951-4d22-9a8e-b1e5acf6c410,7b745458-4eaa-4f5f-9dcf-d09fe4d92ed0,c7eda978-0e18-4435-86d2-f49694af5081,False,False,False,True,5.704045,5.5049605,4.890061,0.1235384,cup.blend,classes,hermit crab,ping-pong ball,golf ball,cup
145,-0.5,0,0.253,0.6977777777777777,0.3,0.0,3.0,1.0,0.1,1.0,1.57,1.0,1.0,0.0,3.0,studioX_Stage.blend,7823d49a-0577-4bee-a007-11457489698e,c84ae75a-167f-406d-8040-7f6272be1955,0d7941c0-f36a-43a4-aa2a-56550285c56e,56dd7ced-b869-4eda-ae56-a9022eb88c0f,False,False,False,False,5.648131,5.2241764,4.846262,2.3594723,cup.blend,classes,hermit crab,ping-pong ball,golf ball,pill bottle
146,-0.5,0,0.253,0.6977777777777777,0.3,0.6279999999999997,3.0,1.0,0.1,1.0,1.57,1.0,1.0,0.0,3.0,studioX_Stage.blend,3d1b77c4-f0a2-43dd-a8a7-57d4dc0d020d,bc304c0c-4ac9-47fa-b3c9-3fa60b3d89ae,a417cc74-0f79-4650-a748-48d3fc1c5ab2,3246db84-41fb-4236-8312-e4bfed367705,False,False,False,False,5.543915,5.1298046,4.7176585,2.1311555,cup.blend,classes,hermit crab,ping-pong ball,golf ball,pill bottle
147,-0.5,0,0.253,0.6977777777777777,0.3,1.2559999999999998,3.0,1.0,0.1,1.0,1.57,1.0,1.0,0.0,3.0,studioX_Stage.blend,b8546345-cac3-4d3a-90eb-cea65bb88799,a1ce7310-bc16-473e-82c0-d545b9e00ed5,fa66cf31-a0ae-466c-8f1f-19cbc8d55655,cfc88480-519e-4024-baf9-0d9cac9d3bbd,False,False,False,False,5.3968916,5.3406305,4.760582,1.4695905,cup.blend,classes,hermit crab,ping-pong ball,bib,pill bottle
148,-0.5,0,0.253,0.6977777777777777,0.3,1.884,3.0,1.0,0.1,1.0,1.57,1.0,1.0,0.0,3.0,studioX_Stage.blend,db675be3-76ba-45aa-84aa-c2d44005a3d3,453ffe4f-3b92-4bb2-a50b-4de92708f845,966b7f39-ec00-4d55-a791-2c4f9057dce1,975525d9-dfef-4a12-8972-6a347476d0f6,False,False,False,False,5.408633,5.35679,4.902837,1.4188286,cup.blend,classes,hermit crab,ping-pong ball,golf ball,pill bottle
149,-0.5,0,0.253,0.6977777777777777,0.3,2.512,3.0,1.0,0.1,1.0,1.57,1.0,1.0,0.0,3.0,studioX_Stage.blend,ff4f2156-397d-4e97-b7e8-81d8a6400d4d,6d944a2f-ac3e-4601-b5ad-e58181b6057d,9ee7fb68-4cde-43a3-a0dc-914728fd9b00,7697df6d-6b3e-4154-a1e6-cf42ad0fa4fe,False,False,False,True,5.3863506,5.3860364,4.8334646,0.17224419,cup.blend,classes,hermit crab,ping-pong ball,golf ball,cup
150,-0.5,0,0.253,0.8722222222222223,0.3,-3.14,3.0,1.0,0.1,1.0,1.57,1.0,1.0,0.0,3.0,studioX_Stage.blend,d9653b6a-9634-4845-9db3-23c77fc497ce,86a8cb9d-bad7-44ef-82ac-fb682b899f97,41cd85b7-5cd6-4a23-8359-928c2a195756,9b3251c9-fa84-4777-bef3-88227a5f8229,False,False,False,True,4.563904,4.1991615,3.5543532,0.39186174,cup.blend,classes,"electric ray, crampfish, numbfish, torpedo",ping-pong ball,golf ball,cup
151,-0.5,0,0.253,0.8722222222222223,0.3,-2.512,3.0,1.0,0.1,1.0,1.57,1.0,1.0,0.0,3.0,studioX_Stage.blend,07d20a55-4a98-429a-81f3-ef84e6297f48,a46d3776-c3bc-4c64-9a60-e2a85bcdc883,bdb63e11-4001-4dd4-9617-f510b5b24eee,cf098484-6da9-49f9-be00-dc7f7baeb521,False,False,False,False,4.8198113,4.493078,4.045166,1.6110908,cup.blend,classes,hermit crab,ping-pong ball,golf ball,pill bottle
152,-0.5,0,0.253,0.8722222222222223,0.3,-1.8840000000000001,3.0,1.0,0.1,1.0,1.57,1.0,1.0,0.0,3.0,studioX_Stage.blend,7abce611-5bcd-4a68-9c6b-b637a60e17ec,728fb480-eec3-4e49-90b3-145f22af9b9d,8a166b90-a9cd-4d7d-bd45-1b8bd3eb990e,4a2d7156-2246-4d54-bdd9-82cac8ac649a,False,False,False,False,4.8921175,4.661371,4.088892,1.1983075,cup.blend,classes,hermit crab,ping-pong ball,golf ball,pill bottle
153,-0.5,0,0.253,0.8722222222222223,0.3,-1.2560000000000002,3.0,1.0,0.1,1.0,1.57,1.0,1.0,0.0,3.0,studioX_Stage.blend,bdea54cc-cad0-42f0-ae25-2a0de42f4141,b71ac826-50de-4693-bb1a-05cb0c56c5f2,262e1c3a-e5e2-41a8-a412-35e4254d4447,df921827-721c-4175-8998-2b503a56a91a,False,False,False,True,4.805849,4.290108,3.802923,0.21473427,cup.blend,classes,"electric ray, crampfish, numbfish, torpedo",ping-pong ball,golf ball,cup
154,-0.5,0,0.253,0.8722222222222223,0.3,-0.6280000000000001,3.0,1.0,0.1,1.0,1.57,1.0,1.0,0.0,3.0,studioX_Stage.blend,ff25ee03-d312-460d-8928-8164d3034341,23e01121-b8e4-4987-bf46-1ad4be86e11e,7bbbf707-9656-4064-92a6-3f8074e23c62,a703677f-0d76-4c66-8051-c2288ee8511d,False,False,False,True,5.0099006,4.559485,4.259393,0.06913391,cup.blend,classes,hermit crab,ping-pong ball,golf ball,cup
155,-0.5,0,0.253,0.8722222222222223,0.3,0.0,3.0,1.0,0.1,1.0,1.57,1.0,1.0,0.0,3.0,studioX_Stage.blend,395a03a3-6197-4ada-8794-f91b3a1ec0bb,975a4c5e-bb80-4874-bab1-afec85745e04,765842b9-aa9f-481c-8e5c-caaeef5e3966,14ca24cb-058e-4d2e-9275-fbd3f039f4f3,False,False,False,False,5.0403695,4.3920536,4.076357,1.9110626,cup.blend,classes,"electric ray, crampfish, numbfish, torpedo",ping-pong ball,golf ball,pill bottle
156,-0.5,0,0.253,0.8722222222222223,0.3,0.6279999999999997,3.0,1.0,0.1,1.0,1.57,1.0,1.0,0.0,3.0,studioX_Stage.blend,f2abcfda-7eb6-4a2f-a695-ea44c05363fd,5263d3cf-994e-431f-98d0-cf69db0d2e50,a68de5d2-d0bc-40b1-9dc7-98b3e0b9cc33,5fcb8fd6-9b05-48a2-a7b5-9d829b6af33e,False,False,False,False,4.8409595,4.3327584,3.972923,1.0379766,cup.blend,classes,"electric ray, crampfish, numbfish, torpedo",ping-pong ball,golf ball,pill bottle
157,-0.5,0,0.253,0.8722222222222223,0.3,1.2559999999999998,3.0,1.0,0.1,1.0,1.57,1.0,1.0,0.0,3.0,studioX_Stage.blend,0faead85-f1ce-4f83-a38f-d6a988b2e512,7fd30f77-bb1b-40ac-9cac-9169b4d404a3,f726e219-b13c-4463-bd70-5ec33cfcadba,9511e1f7-1823-44fb-9070-586bbae78318,False,False,False,True,4.604332,4.4075427,3.8362055,0.77680886,cup.blend,classes,"electric ray, crampfish, numbfish, torpedo",dough,golf ball,cup
158,-0.5,0,0.253,0.8722222222222223,0.3,1.884,3.0,1.0,0.1,1.0,1.57,1.0,1.0,0.0,3.0,studioX_Stage.blend,9c76ef38-de7c-4730-929f-ed5d8a1a79ec,867bb0bb-64a0-420a-9304-cb0188271370,2f9101a2-7960-435e-869e-b48342835745,5a7acaab-b633-487f-acdb-526cc8b2cd7c,False,False,False,False,4.7449803,4.4421387,4.049164,0.8949535,cup.blend,classes,hermit crab,ping-pong ball,golf ball,pill bottle
159,-0.5,0,0.253,0.8722222222222223,0.3,2.512,3.0,1.0,0.1,1.0,1.57,1.0,1.0,0.0,3.0,studioX_Stage.blend,79ff7027-2639-4442-a843-56a3253bac29,8983f892-e99c-4ccf-9542-628eba0bfbd2,df2eadf5-c5ce-4e6d-ae20-d2fc6e85b975,6c20c2bb-f13e-4e79-8a9b-b9e856da3def,False,False,False,True,4.680545,4.5651307,3.9386177,0.11270158,cup.blend,classes,"electric ray, crampfish, numbfish, torpedo",ping-pong ball,golf ball,cup
160,-0.5,0,0.253,1.0466666666666666,0.3,-3.14,3.0,1.0,0.1,1.0,1.57,1.0,1.0,0.0,3.0,studioX_Stage.blend,132dcbf3-18cb-4298-aee6-6131136f0fb5,e878d2ea-8991-4d08-9e3d-4e0d35c14852,17b75074-a110-4c47-ba3a-c7d8cdcd10ca,d22c7fb0-0e71-498d-96a6-2369d58ba958,False,False,False,True,2.9551206,2.7664914,3.0312085,0.43579516,cup.blend,classes,"cowboy hat, ten-gallon hat",ping-pong ball,golf ball,cup
161,-0.5,0,0.253,1.0466666666666666,0.3,-2.512,3.0,1.0,0.1,1.0,1.57,1.0,1.0,0.0,3.0,studioX_Stage.blend,4a710d54-4778-4f31-8bf5-232c758195ce,24865449-9db7-4dff-ac1f-ffe84e4b7dbe,0de822dd-dfc4-44a9-bb23-b13d576ab2f6,b55ce2bc-2e85-4412-a139-05fd35ab96cf,False,False,False,True,4.0839934,4.5242968,3.841447,1.0213447,cup.blend,classes,dough,dough,dough,cup
162,-0.5,0,0.253,1.0466666666666666,0.3,-1.8840000000000001,3.0,1.0,0.1,1.0,1.57,1.0,1.0,0.0,3.0,studioX_Stage.blend,6cba41fa-752c-47d5-a37a-20ab7921ac13,3bb44372-f9b2-4b80-8883-245b249f2ba7,3c66f9b0-7b9f-4b5c-b28c-8e52450ccf48,3041609b-7213-4881-a631-cd73366f4cf2,False,False,False,True,3.4301372,3.758867,2.835259,0.6195031,cup.blend,classes,dough,"lampshade, lamp shade",golf ball,cup
163,-0.5,0,0.253,1.0466666666666666,0.3,-1.2560000000000002,3.0,1.0,0.1,1.0,1.57,1.0,1.0,0.0,3.0,studioX_Stage.blend,900caa36-12ad-4b26-9049-a56fb9ab521e,9b044314-2b97-411b-abae-1feb1471dc34,2de5f385-f18c-4073-8a1b-2a0df77a8bfd,27e76227-8050-4d60-8ac4-250127a7a61f,False,False,False,True,3.6484728,3.6296067,2.9150155,0.4333681,cup.blend,classes,table lamp,"lampshade, lamp shade",face powder,cup
164,-0.5,0,0.253,1.0466666666666666,0.3,-0.6280000000000001,3.0,1.0,0.1,1.0,1.57,1.0,1.0,0.0,3.0,studioX_Stage.blend,200f6063-be9d-4b9a-98b0-bc2878de99f7,409c8df2-8949-4204-b953-980733880509,77d58fbe-3de9-4db3-82f2-9544b6d8acfd,0b4d1c8d-2742-438f-88e2-5447b5ec678e,False,False,True,True,4.0431104,3.5517344,2.8269129,0.15025638,cup.blend,classes,sombrero,"cowboy hat, ten-gallon hat",cup,cup
165,-0.5,0,0.253,1.0466666666666666,0.3,0.0,3.0,1.0,0.1,1.0,1.57,1.0,1.0,0.0,3.0,studioX_Stage.blend,923dce00-611e-4151-986d-8ff54460127c,bdb583a0-f5e9-4066-a576-d5ea1c0a6606,0179dee7-3c4c-43b3-9b76-f701182bee6b,7bc4584c-acb1-49e4-b1b6-b651176a2077,False,False,False,True,4.0054812,3.276023,2.973411,0.3621576,cup.blend,classes,sombrero,"cowboy hat, ten-gallon hat",golf ball,cup
166,-0.5,0,0.253,1.0466666666666666,0.3,0.6279999999999997,3.0,1.0,0.1,1.0,1.57,1.0,1.0,0.0,3.0,studioX_Stage.blend,6a938d94-b6ba-4113-8a1a-2afee48565b7,bbec11eb-9d25-4d0f-8ad4-e76667c58658,52abd812-b86c-4bf3-9944-5e46808d6c11,e46cbd98-1b2c-4a2a-a98a-0a7239cda545,False,False,True,True,4.080017,4.3506637,3.0086217,0.33933052,cup.blend,classes,sombrero,"cowboy hat, ten-gallon hat",cup,cup
167,-0.5,0,0.253,1.0466666666666666,0.3,1.2559999999999998,3.0,1.0,0.1,1.0,1.57,1.0,1.0,0.0,3.0,studioX_Stage.blend,89208423-b28a-46b9-83a5-53fe2f9913f4,149dfc9c-57b5-4b04-83ba-0d873430cb94,9a7f98b9-282e-45e5-9239-1b5065dd2aa1,d7b9cc39-7847-438a-981b-94efa9a02ca2,False,False,False,True,3.3676293,3.696163,2.8145072,0.6249303,cup.blend,classes,sombrero,table lamp,face powder,cup
168,-0.5,0,0.253,1.0466666666666666,0.3,1.884,3.0,1.0,0.1,1.0,1.57,1.0,1.0,0.0,3.0,studioX_Stage.blend,c97e345c-af82-468b-bd5f-ead398609eaa,9f74a62e-5741-4be5-8ebb-38a4b6bf68b8,5b00ca22-45e9-4eb5-a57b-05c3a9510df4,3b621853-df74-4d5a-8031-7097c6e206f6,False,False,False,True,3.6407113,3.9925663,3.0352187,0.27124876,cup.blend,classes,golf ball,dough,golf ball,cup
169,-0.5,0,0.253,1.0466666666666666,0.3,2.512,3.0,1.0,0.1,1.0,1.57,1.0,1.0,0.0,3.0,studioX_Stage.blend,96be7cf6-001d-4ee3-b388-fae7a3c4a96a,0cdd49dd-6ebe-419f-b797-831c8591b1f8,38d506b2-4d2a-4b33-b5d3-02373435d59a,0cc6ef01-a13d-4ef3-bf47-07d440138eb9,False,False,False,True,4.022004,4.36493,3.7663045,0.26187214,cup.blend,classes,dough,dough,dough,cup
170,-0.5,0,0.253,1.221111111111111,0.3,-3.14,3.0,1.0,0.1,1.0,1.57,1.0,1.0,0.0,3.0,studioX_Stage.blend,34358dc2-d8d6-4f2d-8b40-3d5acaa96caf,dd8003a4-392b-45de-9eb2-39481f3631db,e586291b-7772-478b-9c05-9a794e6ce4d6,bb43b5de-8e0b-4a9c-afbc-83de973a8431,True,False,False,True,2.7141814,2.9657414,3.1588213,0.32419214,cup.blend,classes,cup,paper towel,red wine,cup
171,-0.5,0,0.253,1.221111111111111,0.3,-2.512,3.0,1.0,0.1,1.0,1.57,1.0,1.0,0.0,3.0,studioX_Stage.blend,1e299b7a-63a2-4977-a704-be1befcb9564,6d263551-5ec2-4f79-868b-d0a86b558f5c,723325c0-d642-4425-af5e-eb8e9dfbf4e0,b5ef9c50-717f-4adb-904c-0261fcedf257,False,False,False,True,3.7110198,3.7333097,4.2026873,0.9097758,cup.blend,classes,banana,paper towel,banana,cup
172,-0.5,0,0.253,1.221111111111111,0.3,-1.8840000000000001,3.0,1.0,0.1,1.0,1.57,1.0,1.0,0.0,3.0,studioX_Stage.blend,bc4aead2-5a40-4454-b016-96c8359282ef,07de6b7d-a253-4c4e-8177-c6753ba23dfb,1944cfcb-0868-47db-9dc9-63a2f8302837,d83803ee-1d1c-4729-9fff-9e986bf81793,False,False,False,True,3.42651,3.7652311,3.0000203,0.3196498,cup.blend,classes,banana,paper towel,"puck, hockey puck",cup
173,-0.5,0,0.253,1.221111111111111,0.3,-1.2560000000000002,3.0,1.0,0.1,1.0,1.57,1.0,1.0,0.0,3.0,studioX_Stage.blend,587146c1-748d-4818-8d84-b8985a478ada,be6f2a4d-1051-49cc-9a69-090508dc4a44,dc74ab36-b785-4f21-a14a-7fddcb650e89,6559a69e-9709-4194-9c40-958e09d86c4a,False,False,False,True,3.147664,3.8804538,3.377642,0.34816623,cup.blend,classes,table lamp,paper towel,table lamp,cup
174,-0.5,0,0.253,1.221111111111111,0.3,-0.6280000000000001,3.0,1.0,0.1,1.0,1.57,1.0,1.0,0.0,3.0,studioX_Stage.blend,6a3302c1-0b2e-402a-9341-9a6220488f08,6348e74a-cf2d-49ff-8219-e9ebb1f86658,3044cb43-7e5f-46da-b067-30b956112a29,f1e60613-2aa6-47c8-b777-2bc0ff3ec431,False,True,True,True,3.2920663,2.5192149,2.3923256,0.1534613,cup.blend,classes,"cowboy hat, ten-gallon hat",cup,cup,cup
175,-0.5,0,0.253,1.221111111111111,0.3,0.0,3.0,1.0,0.1,1.0,1.57,1.0,1.0,0.0,3.0,studioX_Stage.blend,1bc7d14c-fbbe-4097-b9b5-e54381b3fd30,801f886d-cfb5-4135-ac02-04a121d25b6e,3f36f557-d97e-43f2-a684-bcd47205c98e,cf565b75-ad5e-45aa-ae2c-f3c41a79f95a,False,False,False,True,3.242856,2.77919,2.4973161,0.18169904,cup.blend,classes,sombrero,table lamp,red wine,cup
176,-0.5,0,0.253,1.221111111111111,0.3,0.6279999999999997,3.0,1.0,0.1,1.0,1.57,1.0,1.0,0.0,3.0,studioX_Stage.blend,a3039a69-3379-4bf8-8d2d-266b30454029,64f342d1-64d3-4289-b062-3b77c28bf071,b264c2d0-f911-4c78-ae8f-5b387d92df38,d24a50ec-1eca-4204-ac04-b60a4305f603,False,False,False,True,3.479226,3.3188694,2.5428383,0.3358686,cup.blend,classes,sombrero,"cowboy hat, ten-gallon hat","cowboy hat, ten-gallon hat",cup
177,-0.5,0,0.253,1.221111111111111,0.3,1.2559999999999998,3.0,1.0,0.1,1.0,1.57,1.0,1.0,0.0,3.0,studioX_Stage.blend,21f1c96e-fa72-406d-9728-e84a93ebafac,5cf37bb9-9f00-4a66-b35d-218ea65e2051,3923be2e-89f4-4e20-af48-2295326f13d8,6e72ef81-ec0c-44e7-aefa-2c90b270d442,False,False,False,True,3.6402242,3.7749689,3.1139407,0.21697882,cup.blend,classes,table lamp,table lamp,table lamp,cup
178,-0.5,0,0.253,1.221111111111111,0.3,1.884,3.0,1.0,0.1,1.0,1.57,1.0,1.0,0.0,3.0,studioX_Stage.blend,ea241ef2-e110-4657-91cc-cfd21a33e057,99d52f29-1fd3-41ef-977e-cc079680684e,7a9f997a-03d7-4aa3-b155-fd176f2a4010,91ce7f3a-10c3-4c81-9878-51c2bbaf257b,False,False,False,True,3.7273424,3.929953,3.2480156,0.22449447,cup.blend,classes,banana,paper towel,"puck, hockey puck",cup
179,-0.5,0,0.253,1.221111111111111,0.3,2.512,3.0,1.0,0.1,1.0,1.57,1.0,1.0,0.0,3.0,studioX_Stage.blend,81560468-3cf3-40cf-b473-c1c8ecacf045,14511c45-aa5e-49e8-a137-ca51632c73b1,261f928f-049e-49db-9a21-41ef00af1191,6c6ca1c0-a9f3-4a8c-9697-a0b4af47571f,False,False,False,True,3.5970387,3.7686975,4.13826,0.35072088,cup.blend,classes,banana,paper towel,banana,cup
180,-0.5,0,0.253,1.3955555555555554,0.3,-3.14,3.0,1.0,0.1,1.0,1.57,1.0,1.0,0.0,3.0,studioX_Stage.blend,b2fb395e-0210-411e-9617-b3a4e01e572f,8f098b94-e5f7-4581-b557-093064932d78,cc031d4e-62fc-47af-bdf1-8ef440ba21c4,c0227491-ac5b-4044-96e3-cf5bfcf99a52,False,False,False,True,4.017951,5.07144,8.3401165,0.39922342,cup.blend,classes,hatchet,"puck, hockey puck","puck, hockey puck",cup
181,-0.5,0,0.253,1.3955555555555554,0.3,-2.512,3.0,1.0,0.1,1.0,1.57,1.0,1.0,0.0,3.0,studioX_Stage.blend,2921150f-e6ae-4839-bc22-1a6871cbb594,2dace8b1-9b6b-46ef-99e4-cf8d2962f4c0,81cdd0a3-ebe2-451d-a29e-f966729e52e9,f810010f-7e2c-4eec-82d0-0bd091e6b011,False,False,False,True,3.9972925,5.409815,7.4573035,0.5354939,cup.blend,classes,pencil sharpener,"puck, hockey puck","puck, hockey puck",cup
182,-0.5,0,0.253,1.3955555555555554,0.3,-1.8840000000000001,3.0,1.0,0.1,1.0,1.57,1.0,1.0,0.0,3.0,studioX_Stage.blend,57649bb9-956c-45f8-b0b1-5ac414d92b5d,8682ad61-68ac-4f35-9162-3e2db67fe93b,c86a135d-4fa3-48c4-a884-30697e269943,2039c261-197c-41f9-9698-1f66a0a5e6e2,False,False,False,True,4.307749,6.0075192,9.585653,1.449939,cup.blend,classes,hatchet,"puck, hockey puck","puck, hockey puck",cup
183,-0.5,0,0.253,1.3955555555555554,0.3,-1.2560000000000002,3.0,1.0,0.1,1.0,1.57,1.0,1.0,0.0,3.0,studioX_Stage.blend,78cc0815-abcc-48f8-8b97-e86b24b4b901,a018ad1b-4da1-4e6d-abdc-60e38a97a501,fda78732-63bf-47f8-b3e4-09381275b60d,fc2a944e-60f3-4577-a7d9-8b6c844bbc84,False,False,False,True,4.8907347,4.943159,5.7129793,0.7546133,cup.blend,classes,hatchet,hatchet,"puck, hockey puck",cup
184,-0.5,0,0.253,1.3955555555555554,0.3,-0.6280000000000001,3.0,1.0,0.1,1.0,1.57,1.0,1.0,0.0,3.0,studioX_Stage.blend,3c378f3c-4858-480e-9f0f-9d791627e2c6,eee53139-552f-429b-ab5a-5dc0596b66af,5ff74daf-de79-432e-a1fc-cd26ef0b6b20,1a189d94-b36d-4542-b713-637d5a82f0ec,False,False,False,True,5.6285896,4.3662333,4.3476057,0.7946481,cup.blend,classes,"hook, claw","puck, hockey puck","hook, claw",cup
185,-0.5,0,0.253,1.3955555555555554,0.3,0.0,3.0,1.0,0.1,1.0,1.57,1.0,1.0,0.0,3.0,studioX_Stage.blend,60b5c1c8-3d5c-4555-b6e5-156b86945572,a3fb0f44-b3be-449b-8691-d28196ea0391,9594ab7b-c9b0-4fbc-ae3f-8282c6105ac1,44737c59-c949-4212-ae59-c5a682693a83,False,False,False,True,4.7793236,3.817193,4.4936996,1.4478916,cup.blend,classes,"hook, claw","puck, hockey puck","puck, hockey puck",cup
186,-0.5,0,0.253,1.3955555555555554,0.3,0.6279999999999997,3.0,1.0,0.1,1.0,1.57,1.0,1.0,0.0,3.0,studioX_Stage.blend,666a4d83-95a7-49c1-82f4-d7a3c45fe533,3fdca54e-89cb-4f43-b9f1-8b3dc6c95149,e6f15a93-dd55-4076-8595-85ad5842a616,9f801332-85b3-4670-80ab-c0a2accc1223,False,False,False,False,5.3534813,4.0509167,4.3376346,2.1152506,cup.blend,classes,"hook, claw",paper towel,"hook, claw","washbasin, handbasin, washbowl, lavabo, wash-hand basin"
187,-0.5,0,0.253,1.3955555555555554,0.3,1.2559999999999998,3.0,1.0,0.1,1.0,1.57,1.0,1.0,0.0,3.0,studioX_Stage.blend,3fbcb368-b3b0-4a9e-853b-4745942c6178,9f499f88-e817-4ce9-86a1-d33d76921a44,2285e14b-d582-4b7e-a1ba-39881ee24c5b,5fb5b196-7319-412f-baeb-6e30df70f4db,False,False,False,True,4.7880306,4.9051,6.268752,1.6319172,cup.blend,classes,hatchet,hatchet,"puck, hockey puck",cup
188,-0.5,0,0.253,1.3955555555555554,0.3,1.884,3.0,1.0,0.1,1.0,1.57,1.0,1.0,0.0,3.0,studioX_Stage.blend,fea2c6bc-360a-4774-b488-7bdebc10e433,8e029b80-9e72-4232-81cd-b74e0a769d42,9efca400-ca8c-4640-bc15-f0fdcc366136,d4792014-dc43-4938-83e0-fb0ab0c8185a,False,False,False,True,4.640855,6.285194,9.445798,0.16742739,cup.blend,classes,hatchet,"puck, hockey puck","puck, hockey puck",cup
189,-0.5,0,0.253,1.3955555555555554,0.3,2.512,3.0,1.0,0.1,1.0,1.57,1.0,1.0,0.0,3.0,studioX_Stage.blend,34898834-b055-4d7d-870f-273260e2f480,0d02a1ac-06b0-4658-8e28-b5086c01c749,04b1320d-2254-436b-95b3-70a8a349a9c8,0bb1dc8a-c123-42d6-a65a-759410171c1c,False,False,False,True,3.9820526,5.441882,8.50962,0.18299818,cup.blend,classes,pencil sharpener,"puck, hockey puck","puck, hockey puck",cup
190,-0.5,0,0.253,1.57,0.3,-3.14,3.0,1.0,0.1,1.0,1.57,1.0,1.0,0.0,3.0,studioX_Stage.blend,975e6cd9-b95c-4ba6-92a4-7470d2e9dcfc,af0864e8-7ca5-4efd-8d08-4097ebcbf760,a3431228-35e6-4630-8c77-05cad1900112,76c417a2-ced3-4417-843b-d60dda101c4f,False,False,False,True,3.9284608,4.0075207,5.416666,1.4680768,cup.blend,classes,matchstick,"puck, hockey puck","puck, hockey puck",cup
191,-0.5,0,0.253,1.57,0.3,-2.512,3.0,1.0,0.1,1.0,1.57,1.0,1.0,0.0,3.0,studioX_Stage.blend,1bef21a1-92c0-45d6-857d-8d9cb5e36ea7,b35e2215-2b34-4c31-8f1c-207de9c27d6b,1384595f-49d5-4be3-8e73-287fbb8bc6ef,34c746e3-1a32-40a1-a95a-184d6a2ea3c1,False,False,False,True,4.0106964,4.0183992,5.441567,1.3143492,cup.blend,classes,matchstick,"puck, hockey puck","puck, hockey puck",cup
192,-0.5,0,0.253,1.57,0.3,-1.8840000000000001,3.0,1.0,0.1,1.0,1.57,1.0,1.0,0.0,3.0,studioX_Stage.blend,a2a27a30-2ccf-4edc-9717-e302ae7b7584,acac7d8e-5b06-4afd-93ca-97a26b068fae,be92e56a-7b8b-497d-baeb-5341439a11e2,ca520661-6ff6-4cbc-a479-1ff886ae8e25,False,False,False,False,3.9861412,4.0083494,5.3806076,1.760887,cup.blend,classes,matchstick,table lamp,"puck, hockey puck",table lamp
193,-0.5,0,0.253,1.57,0.3,-1.2560000000000002,3.0,1.0,0.1,1.0,1.57,1.0,1.0,0.0,3.0,studioX_Stage.blend,0de10aca-14b0-498e-b0ad-1bae66d43563,6750bd92-f4ef-40f9-b915-8f93fd506f67,2e9853bb-abf0-401f-9e23-dd3259cae7e8,80948e4b-0cff-4439-a388-400f1eef04aa,False,False,False,True,6.4215355,5.3856034,6.4846973,1.512633,cup.blend,classes,"letter opener, paper knife, paperknife",nail,"projectile, missile",cup
194,-0.5,0,0.253,1.57,0.3,-0.6280000000000001,3.0,1.0,0.1,1.0,1.57,1.0,1.0,0.0,3.0,studioX_Stage.blend,870fa68f-f067-43c8-a84c-be68d150334f,0a29e8f3-a95e-4fd6-8984-0c6d3740526d,197d99ba-1b1f-4b4a-b0b3-3304f38ec172,41dce053-0759-4839-b461-e126a86ccc4b,False,False,False,False,8.064359,6.7898364,7.437007,3.5742404,cup.blend,classes,"letter opener, paper knife, paperknife","file, file cabinet, filing cabinet","airship, dirigible","switch, electric switch, electrical switch"
195,-0.5,0,0.253,1.57,0.3,0.0,3.0,1.0,0.1,1.0,1.57,1.0,1.0,0.0,3.0,studioX_Stage.blend,1b9a7871-cf45-4eed-ac94-88b7555abe28,0910bb2b-c270-46c3-b5a9-c04c22c98709,43209985-2a66-4ce4-b41f-adb6fb8a2e9b,763ab28c-80cc-4e40-b6c2-2b7bedad48b7,False,False,False,False,6.7843513,6.885661,7.4758444,3.5482292,cup.blend,classes,"slide rule, slipstick","slide rule, slipstick","slide rule, slipstick","switch, electric switch, electrical switch"
196,-0.5,0,0.253,1.57,0.3,0.6279999999999997,3.0,1.0,0.1,1.0,1.57,1.0,1.0,0.0,3.0,studioX_Stage.blend,482e4495-50bc-4b8a-a917-64a8f51d517e,e5b6418b-7a2b-43f1-aeec-535279a4dc0d,4c3ae936-ac1d-46b1-9365-2da6bdbaeebf,c8c0be92-a175-438d-901b-17d9a68ddbea,False,False,False,False,7.679143,6.890779,7.399688,3.2500257,cup.blend,classes,"letter opener, paper knife, paperknife","file, file cabinet, filing cabinet","airship, dirigible","switch, electric switch, electrical switch"
197,-0.5,0,0.253,1.57,0.3,1.2559999999999998,3.0,1.0,0.1,1.0,1.57,1.0,1.0,0.0,3.0,studioX_Stage.blend,7f1afb2d-918d-4956-adf4-d05f70ec5896,aeda028c-a3fb-44e2-b0aa-64bb510da552,a9fc95fc-4deb-42bc-ad99-3a001b988a9a,16254e11-052b-4dd1-8527-c4f4aa2ceb9f,False,False,False,True,6.233262,5.4589,6.372187,1.4712406,cup.blend,classes,"letter opener, paper knife, paperknife","letter opener, paper knife, paperknife","letter opener, paper knife, paperknife",cup
198,-0.5,0,0.253,1.57,0.3,1.884,3.0,1.0,0.1,1.0,1.57,1.0,1.0,0.0,3.0,studioX_Stage.blend,443ab8de-5a70-49ec-8769-f1ced9c766a3,1850ea52-8cc7-432c-8a62-7300cb2580ff,b7a594d1-cfeb-4886-9693-8140bab0a9ec,10da0e5f-a579-42f7-a842-131bca51dba0,False,False,False,True,4.0693827,3.9136653,5.4579687,0.3156551,cup.blend,classes,matchstick,"puck, hockey puck","puck, hockey puck",cup
199,-0.5,0,0.253,1.57,0.3,2.512,3.0,1.0,0.1,1.0,1.57,1.0,1.0,0.0,3.0,studioX_Stage.blend,11ab8a21-4425-4c9f-92f0-3f815372281a,7141d5c1-b6fc-4637-8ce7-a413ee4a977a,c125a911-f7e2-4b4f-86f1-e77497a637e6,1b1d6638-db27-4d5b-b563-848a8cae7373,False,False,False,True,3.9985282,3.768435,5.388865,0.16589892,cup.blend,classes,matchstick,"puck, hockey puck","puck, hockey puck",cup
