,HazeControl.haze_depth,HazeControl.haze_fac,HazeControl.haze_falloff,HazeControl.haze_start,OrbitingCameraControl.object_x,OrbitingCameraControl.object_y,OrbitingCameraControl.object_z,OrbitingCameraControl.phi,OrbitingCameraControl.radius,OrbitingCameraControl.theta,RainControl.drop_size,RainControl.n_layers_of_rain,RainControl.speed,SunControl.air,SunControl.altitude,SunControl.background_strength,SunControl.dust,SunControl.elevation,SunControl.intensity,SunControl.ozone,SunControl.rotation,SunControl.size,environment,id_l2_3_0,id_linf_4,id_linf_8,id_non_rob,is_correct_l2_3_0,is_correct_linf_4,is_correct_linf_8,is_correct_non_rob,loss_l2_3_0,loss_linf_4,loss_linf_8,loss_non_rob,model,output_type,prediction_l2_3_0,prediction_linf_4,prediction_linf_8,prediction_non_rob
0,10.0,0.0,QUADRATIC,0.5,-0.5,0,0.253,1.57,0.3,1.256,0.2,0,0.5,3.0,1.0,0.1,1.0,0.0,1.0,1.0,0.0,3.0,studioX_Stage.blend,083e973f-16a8-4ce7-8fb7-da4aff4ae50e,5b2462e1-25ba-499a-a8f3-e0244224d265,47f8f0b3-c452-47a7-8fff-8e3dd17f1bc3,82f5cbf2-2451-433a-985e-08d212807c7e,True,True,True,True,1.0736492,0.8332732,1.5216553,1.3168722,cup.blend,classes,cup,cup,cup,cup
1,10.0,0.0,QUADRATIC,0.5,-0.5,0,0.253,1.57,0.3,1.256,0.2,1,0.5,3.0,1.0,0.1,1.0,0.0,1.0,1.0,0.0,3.0,studioX_Stage.blend,e1ab282b-3157-4f8e-b3a7-1263d7146cd8,83c6022e-f7ed-499d-9609-25d8b703f7c2,868d2215-57d5-421e-b416-cb6f9a614051,2a61961b-2273-4de1-9572-6494e4edde37,False,False,True,True,1.8002737,1.3424108,1.667718,0.86204183,cup.blend,classes,"lampshade, lamp shade","lampshade, lamp shade",cup,cup
2,10.0,0.0,QUADRATIC,0.5,-0.5,0,0.253,1.57,0.3,1.256,0.2,2,0.5,3.0,1.0,0.1,1.0,0.0,1.0,1.0,0.0,3.0,studioX_Stage.blend,12e60ca9-d764-452a-b0f6-a8a0ae439870,4eb6903a-107c-4826-8543-2fa10c2ad5a3,17ff6f48-45d6-43dd-9bc2-1c2f47d573ea,4626e89a-cca0-422b-8925-639a7bebd62d,False,False,True,False,1.807156,2.9557443,1.9673522,5.958592,cup.blend,classes,"lampshade, lamp shade","lampshade, lamp shade",cup,"theater curtain, theatre curtain"
3,10.0,0.075,QUADRATIC,0.5,-0.5,0,0.253,1.57,0.3,1.256,0.2,0,0.5,3.0,1.0,0.1,1.0,0.0,1.0,1.0,0.0,3.0,studioX_Stage.blend,a55668ac-84f1-4930-a87e-34d2780d59af,b6eab0f0-1404-4d6e-9cf1-3bf4621c168d,cdf966d5-a2b6-4980-92c4-d7010a17d796,0a642da8-9586-4879-a5c8-fa55d515354a,True,True,True,False,1.5179998,1.1630071,2.0323846,3.023006,cup.blend,classes,cup,cup,cup,mortar
4,10.0,0.075,QUADRATIC,0.5,-0.5,0,0.253,1.57,0.3,1.256,0.2,1,0.5,3.0,1.0,0.1,1.0,0.0,1.0,1.0,0.0,3.0,studioX_Stage.blend,d5e7766c-bfcc-4238-a6cd-08001ba5f59e,ed900968-630e-4c84-ac77-abee4c44b5ea,e300501d-0cd4-4195-8a2e-a7d1d76495da,e6d92e90-03e7-4a30-a911-af73009f5843,True,True,False,False,1.6748165,2.0216546,4.0646524,2.85806,cup.blend,classes,cup,cup,"tub, vat","theater curtain, theatre curtain"
5,10.0,0.075,QUADRATIC,0.5,-0.5,0,0.253,1.57,0.3,1.256,0.2,2,0.5,3.0,1.0,0.1,1.0,0.0,1.0,1.0,0.0,3.0,studioX_Stage.blend,6a80587a-2b28-45a3-83f3-d2852a3650d2,81429dd8-b6ce-47bd-a2b9-62d807899d0e,2224e8a8-19f3-412a-bbfd-7ff92579e744,a1df939d-dbed-4882-8745-0d7048932af6,False,False,False,False,5.651788,4.3631873,7.1220255,5.286317,cup.blend,classes,broom,"theater curtain, theatre curtain",broom,mosquito net
6,10.0,0.15,QUADRATIC,0.5,-0.5,0,0.253,1.57,0.3,1.256,0.2,0,0.5,3.0,1.0,0.1,1.0,0.0,1.0,1.0,0.0,3.0,studioX_Stage.blend,4671352e-f25f-47eb-8f7d-bcc226e2ce30,e1b8c236-3fc8-4abd-9b56-d644983f95f6,43418baf-8c28-462b-8f6e-c6bcddc9e98f,8a53be41-834f-424d-9e18-7ef478335e6e,True,False,False,False,2.2536495,2.430467,3.8224804,3.8062534,cup.blend,classes,cup,mixing bowl,mixing bowl,mortar
7,10.0,0.15,QUADRATIC,0.5,-0.5,0,0.253,1.57,0.3,1.256,0.2,1,0.5,3.0,1.0,0.1,1.0,0.0,1.0,1.0,0.0,3.0,studioX_Stage.blend,06661543-be54-455e-8594-295974d67ba0,1515de34-60de-43d1-9a92-4d407c4c320e,23a98f90-3a5c-4697-be1a-f2e6cc20a160,767ddcbd-3af0-44a2-b31e-3449c4aa7226,False,False,False,False,4.0843773,5.206251,5.0791445,2.4531105,cup.blend,classes,broom,shower curtain,mixing bowl,"toilet tissue, toilet paper, bathroom tissue"
8,10.0,0.15,QUADRATIC,0.5,-0.5,0,0.253,1.57,0.3,1.256,0.2,2,0.5,3.0,1.0,0.1,1.0,0.0,1.0,1.0,0.0,3.0,studioX_Stage.blend,5b54745e-04df-4bea-9b5a-7f3296e9daf4,88c14dba-4de0-4cfa-9968-4e9e1f5a6c3b,498fa93c-1c14-4f58-a2df-aefed4bab03a,0d849966-f3d0-4ca5-8d49-e5e21b893ff0,False,False,False,False,3.3941104,6.8615584,6.763667,6.384405,cup.blend,classes,shower curtain,broom,"crib, cot",mosquito net
9,10.0,0.22499999999999998,QUADRATIC,0.5,-0.5,0,0.253,1.57,0.3,1.256,0.2,0,0.5,3.0,1.0,0.1,1.0,0.0,1.0,1.0,0.0,3.0,studioX_Stage.blend,165602ec-608b-4463-aa29-1cd17c9bef19,5b450141-bdf1-4b29-b979-5d601f259bc1,11c0b133-ed5e-4811-bdc3-fe833995cb9c,95b9fd90-65c6-49a5-b8d1-88acf3a8e885,False,False,False,False,3.592459,3.124727,4.472271,3.37398,cup.blend,classes,beaker,mixing bowl,beaker,"washbasin, handbasin, washbowl, lavabo, wash-hand basin"
10,10.0,0.22499999999999998,QUADRATIC,0.5,-0.5,0,0.253,1.57,0.3,1.256,0.2,1,0.5,3.0,1.0,0.1,1.0,0.0,1.0,1.0,0.0,3.0,studioX_Stage.blend,bc00892c-4958-4fda-b95e-99caf3a09007,8c242ab3-5a78-44ad-b178-15fcfc20374a,f35addf6-02f3-406d-861f-74c1725669de,73f09205-abf3-49bb-a7ca-ed381c054b5e,False,False,False,True,5.021115,4.972554,4.868086,0.5358815,cup.blend,classes,mosquito net,"studio couch, day bed",beaker,cup
11,10.0,0.22499999999999998,QUADRATIC,0.5,-0.5,0,0.253,1.57,0.3,1.256,0.2,2,0.5,3.0,1.0,0.1,1.0,0.0,1.0,1.0,0.0,3.0,studioX_Stage.blend,83720308-248d-4bb4-b755-5c148c1a7b6a,746fb1f2-34c5-4037-bb1b-603f0b87fa35,a4291124-1b3f-4d04-94e8-fa6250bfef1c,1a09dcd9-2f5a-4778-9382-0d3eb1178c0c,False,False,False,False,6.7537036,5.902289,6.082742,4.1988106,cup.blend,classes,shower curtain,shower curtain,"crib, cot",mosquito net
12,10.0,0.3,QUADRATIC,0.5,-0.5,0,0.253,1.57,0.3,1.256,0.2,0,0.5,3.0,1.0,0.1,1.0,0.0,1.0,1.0,0.0,3.0,studioX_Stage.blend,7c6c5fcf-df82-4b9b-a6d6-cafd206d786f,27855ab8-99d9-4ece-a338-7f356826114e,3d2b6a6c-bb9a-4025-af2d-7c9147740ca5,dc18eb33-8eee-45ec-a5c0-2591e73af86c,False,False,False,False,4.5137234,3.4941106,5.6571536,3.2500327,cup.blend,classes,beaker,mixing bowl,wing,"washbasin, handbasin, washbowl, lavabo, wash-hand basin"
13,10.0,0.3,QUADRATIC,0.5,-0.5,0,0.253,1.57,0.3,1.256,0.2,1,0.5,3.0,1.0,0.1,1.0,0.0,1.0,1.0,0.0,3.0,studioX_Stage.blend,f9667d2f-875c-4c19-924e-da4dc9a2d41b,a4799f42-1528-4535-8473-c570af4d8678,18abca07-4b48-49ca-83d1-0bf482206aff,ea59e8ab-a7a4-40e8-b929-a262da66430a,False,False,False,True,5.6994686,5.734915,6.4523053,1.42229,cup.blend,classes,shower curtain,mosquito net,"promontory, headland, head, foreland",cup
14,10.0,0.3,QUADRATIC,0.5,-0.5,0,0.253,1.57,0.3,1.256,0.2,2,0.5,3.0,1.0,0.1,1.0,0.0,1.0,1.0,0.0,3.0,studioX_Stage.blend,a8b426e9-aac3-4101-b028-07e7b111b3ce,6a637398-fb3e-4935-8507-cde940005988,ba01bd6c-5777-4674-9dcc-bf5e78e2710e,3a83c47e-8182-43d7-a3a5-eaaa8fe7df92,False,False,False,False,5.849453,5.304694,6.0128255,6.3360763,cup.blend,classes,nipple,envelope,nipple,mosquito net
15,10.0,0.0,QUADRATIC,0.5,-0.5,0,0.253,1.57,0.3,1.256,0.2,0,0.5,3.0,1.0,0.1,1.0,0.785,1.0,1.0,0.0,3.0,studioX_Stage.blend,dd11fd0c-5908-4a1f-8a7e-c994438d8518,fc7b0d70-e2d5-4520-9fae-3bd3711c7dc3,0dec02e7-08a0-4ae8-b8fa-88544e18edaf,69076ed3-b591-4b7e-b5c3-607a41284668,False,False,False,True,6.612623,5.960795,7.248936,1.6708874,cup.blend,classes,"airship, dirigible","airship, dirigible","airship, dirigible",cup
16,10.0,0.0,QUADRATIC,0.5,-0.5,0,0.253,1.57,0.3,1.256,0.2,1,0.5,3.0,1.0,0.1,1.0,0.785,1.0,1.0,0.0,3.0,studioX_Stage.blend,36abd75f-274c-41b7-9be9-3fa1b41ed26a,356367d1-245e-479c-bbad-a96254ecbc3c,ee8dda18-f74a-4b0a-82b2-2c2ebc5aec43,a26a92d4-4407-4777-a399-ba834418f2f5,False,False,False,False,6.717071,6.3139086,6.5982494,2.3669918,cup.blend,classes,"airship, dirigible","airship, dirigible","airship, dirigible",window shade
17,10.0,0.0,QUADRATIC,0.5,-0.5,0,0.253,1.57,0.3,1.256,0.2,2,0.5,3.0,1.0,0.1,1.0,0.785,1.0,1.0,0.0,3.0,studioX_Stage.blend,24516e90-200d-407e-a863-6dba622f9efd,12a96a0e-af45-49b8-9270-bbd66cd167ad,81ad1925-3ff1-4c80-9506-21f7d0606f1b,353c1879-e1d2-48bb-9a3b-8d274a1b1b72,False,False,False,False,8.15094,6.3895884,6.702848,2.1779594,cup.blend,classes,nail,"airship, dirigible",nail,"iron, smoothing iron"
18,10.0,0.075,QUADRATIC,0.5,-0.5,0,0.253,1.57,0.3,1.256,0.2,0,0.5,3.0,1.0,0.1,1.0,0.785,1.0,1.0,0.0,3.0,studioX_Stage.blend,5a087779-dd03-42de-996d-a64c21b59b91,f7ec79f4-3e1a-4456-8ed8-1fbf88dcb051,cf91522f-5291-4f67-b74e-91c6fb543ab8,588cb4dd-04d6-41d0-8048-ff97b082f894,False,False,False,False,6.675383,5.8804917,6.474541,2.6664867,cup.blend,classes,"airship, dirigible","airship, dirigible","airship, dirigible",paper towel
19,10.0,0.075,QUADRATIC,0.5,-0.5,0,0.253,1.57,0.3,1.256,0.2,1,0.5,3.0,1.0,0.1,1.0,0.785,1.0,1.0,0.0,3.0,studioX_Stage.blend,5327f95e-9d03-4dd7-9cbb-c688e12b0445,f9101342-52e1-4c9f-bdc9-9c2aa48b7b3a,818a6e50-357f-4dd1-b50e-fa5fd4ffedbf,43f5d209-859d-469a-8c52-2820218b16dd,False,False,False,True,6.6143937,5.9004254,6.3653364,1.5135409,cup.blend,classes,"airship, dirigible","airship, dirigible","airship, dirigible",cup
20,10.0,0.075,QUADRATIC,0.5,-0.5,0,0.253,1.57,0.3,1.256,0.2,2,0.5,3.0,1.0,0.1,1.0,0.785,1.0,1.0,0.0,3.0,studioX_Stage.blend,baa09373-27f4-451a-9aed-cfff3a579576,67b998e1-575d-4544-b2f5-5ce9bf6a5ff8,91b05295-f19d-44a9-b003-be837e57a396,a0709b04-fe74-4df2-9f1d-325caca3683e,False,False,False,True,7.846998,7.574346,6.3396616,2.148394,cup.blend,classes,nail,syringe,"airship, dirigible",cup
21,10.0,0.15,QUADRATIC,0.5,-0.5,0,0.253,1.57,0.3,1.256,0.2,0,0.5,3.0,1.0,0.1,1.0,0.785,1.0,1.0,0.0,3.0,studioX_Stage.blend,c34b4cd6-c01c-4a74-9585-4482630330bb,1bfea20a-eada-4244-a584-a86465054d52,2cc05f88-539a-477d-8379-48ec812820b1,655e6447-a429-4a27-aef8-5312c1982217,False,False,False,False,6.825227,6.7235336,6.223146,3.2801876,cup.blend,classes,"airship, dirigible","letter opener, paper knife, paperknife","airship, dirigible",paper towel
22,10.0,0.15,QUADRATIC,0.5,-0.5,0,0.253,1.57,0.3,1.256,0.2,1,0.5,3.0,1.0,0.1,1.0,0.785,1.0,1.0,0.0,3.0,studioX_Stage.blend,600fcd9a-bde1-4312-866b-1804a6f51ae2,4d7d6d22-280e-4c96-aa37-033498d91214,5546a2ac-2763-4365-8199-c9e03de9e6e9,2671eda3-6105-4986-9f57-ebef06742e58,False,False,False,False,7.6538725,7.3835955,5.9161587,2.4703364,cup.blend,classes,nail,"rule, ruler","airship, dirigible","washbasin, handbasin, washbowl, lavabo, wash-hand basin"
23,10.0,0.15,QUADRATIC,0.5,-0.5,0,0.253,1.57,0.3,1.256,0.2,2,0.5,3.0,1.0,0.1,1.0,0.785,1.0,1.0,0.0,3.0,studioX_Stage.blend,99997566-cd8e-409c-a17f-e72e34105dfd,dbb75988-bc2c-46c3-8aa6-61e3f21d226a,35150e5d-6a34-4112-aa15-c57a84187b94,44959280-e5a9-4187-9f50-667aa229687c,False,False,False,False,7.243739,7.641947,5.9720755,2.3204427,cup.blend,classes,"rule, ruler",broom,"rule, ruler",paper towel
24,10.0,0.22499999999999998,QUADRATIC,0.5,-0.5,0,0.253,1.57,0.3,1.256,0.2,0,0.5,3.0,1.0,0.1,1.0,0.785,1.0,1.0,0.0,3.0,studioX_Stage.blend,a31922b5-ca77-41ad-8262-801379d0ad69,09a4931e-2a5f-4cf1-a97a-cef493647428,809319b0-5439-4edb-8410-9ed9352fc416,8c67faf4-cc85-47bf-8ad9-cb135037fc3d,False,False,False,False,7.123154,6.788925,5.7792726,3.3884535,cup.blend,classes,"letter opener, paper knife, paperknife","letter opener, paper knife, paperknife",envelope,"washbasin, handbasin, washbowl, lavabo, wash-hand basin"
25,10.0,0.22499999999999998,QUADRATIC,0.5,-0.5,0,0.253,1.57,0.3,1.256,0.2,1,0.5,3.0,1.0,0.1,1.0,0.785,1.0,1.0,0.0,3.0,studioX_Stage.blend,062f3cfd-2a7a-4425-b5ef-c1b3cd94c134,8ca3e316-51ad-48ca-8030-ac1b042974d5,fa582354-e5e3-4e81-8f70-7d8b0072d359,127ed1fa-fa2a-436d-b1d6-2e6b5ece6bda,False,False,False,True,6.9293795,7.1193876,5.7334414,1.3699641,cup.blend,classes,envelope,envelope,envelope,cup
26,10.0,0.22499999999999998,QUADRATIC,0.5,-0.5,0,0.253,1.57,0.3,1.256,0.2,2,0.5,3.0,1.0,0.1,1.0,0.785,1.0,1.0,0.0,3.0,studioX_Stage.blend,e7ef148a-a6af-445c-bb38-1b9b07067ee8,9888f9e0-983a-457b-b5c6-59bbd0214b3d,614b7d1d-a940-42a1-8c4d-d684420a01e0,6f07a1dc-8490-4f8a-b2fd-51b68987a2f6,False,False,False,False,6.5908976,7.4445953,5.327133,3.666981,cup.blend,classes,"rule, ruler",envelope,beaker,"iron, smoothing iron"
27,10.0,0.3,QUADRATIC,0.5,-0.5,0,0.253,1.57,0.3,1.256,0.2,0,0.5,3.0,1.0,0.1,1.0,0.785,1.0,1.0,0.0,3.0,studioX_Stage.blend,dc561cb7-2973-427f-9cce-01f924d66401,6d955e84-6649-4c5b-b70c-6933cb261936,c173c54d-dc25-452c-87c6-59a2a66f4bc0,3d4c8875-f6dc-4717-893b-45e68710da7a,False,False,False,False,6.673337,6.51836,5.7499766,3.687224,cup.blend,classes,envelope,envelope,envelope,paper towel
28,10.0,0.3,QUADRATIC,0.5,-0.5,0,0.253,1.57,0.3,1.256,0.2,1,0.5,3.0,1.0,0.1,1.0,0.785,1.0,1.0,0.0,3.0,studioX_Stage.blend,5a14e108-5939-4a60-9fed-07d54d699a36,7ca6b656-3bcf-452e-8740-86764024c986,36f2de41-6849-443d-af38-fd96731f0e54,5379ccdc-85b0-47e4-a82f-90207fb20395,False,False,False,False,6.485529,6.8313437,5.8364916,1.7714162,cup.blend,classes,envelope,envelope,envelope,"washbasin, handbasin, washbowl, lavabo, wash-hand basin"
29,10.0,0.3,QUADRATIC,0.5,-0.5,0,0.253,1.57,0.3,1.256,0.2,2,0.5,3.0,1.0,0.1,1.0,0.785,1.0,1.0,0.0,3.0,studioX_Stage.blend,f8145b78-72ea-4f2a-8af8-65e97e714d19,3f5b1945-666d-43dd-99a9-7518898bd0c9,a63720c9-0c96-4da3-b172-a7c1b1b2a073,b903f29b-bb6f-46e8-959d-d40c94f17326,False,False,False,False,6.4125032,7.3329115,5.9701834,2.2699485,cup.blend,classes,envelope,envelope,nipple,nipple
30,10.0,0.0,QUADRATIC,0.5,-0.5,0,0.253,1.57,0.3,1.256,0.2,0,0.5,3.0,1.0,0.1,1.0,1.57,1.0,1.0,0.0,3.0,studioX_Stage.blend,ef91c0ac-a0e0-4d76-acfa-18be806b0d6e,cae6656f-08d6-4b2e-bafc-2feeace326eb,91352acd-209b-4e7c-bac8-c2021cc6cd1d,477d8779-5a98-4317-ac72-00d348f2f771,False,False,False,True,6.2332735,5.45891,6.372187,1.4723568,cup.blend,classes,"letter opener, paper knife, paperknife","letter opener, paper knife, paperknife","letter opener, paper knife, paperknife",cup
31,10.0,0.0,QUADRATIC,0.5,-0.5,0,0.253,1.57,0.3,1.256,0.2,1,0.5,3.0,1.0,0.1,1.0,1.57,1.0,1.0,0.0,3.0,studioX_Stage.blend,85a23a92-6435-4f05-afaa-e86425276cee,1b2f5fca-95ee-41b1-854f-7696d92b5fb4,3763768b-4e49-4eb6-b4a0-6f4bd34b8c81,c99791d0-2993-4012-81b3-9e25ac575ddf,False,False,False,True,6.3045025,5.772519,6.016765,0.9825877,cup.blend,classes,"letter opener, paper knife, paperknife","letter opener, paper knife, paperknife","letter opener, paper knife, paperknife",cup
32,10.0,0.0,QUADRATIC,0.5,-0.5,0,0.253,1.57,0.3,1.256,0.2,2,0.5,3.0,1.0,0.1,1.0,1.57,1.0,1.0,0.0,3.0,studioX_Stage.blend,83262034-f927-4ae0-af74-394f3683f2be,c410f85a-1a8e-4eb9-adac-495385d38df5,844a237f-a28c-419c-82ab-2ea17dc63785,da033f58-e025-4298-842d-72f556422a6f,False,False,False,False,7.1378508,6.1008577,6.106734,2.0550199,cup.blend,classes,nail,"puck, hockey puck","letter opener, paper knife, paperknife",broom
33,10.0,0.075,QUADRATIC,0.5,-0.5,0,0.253,1.57,0.3,1.256,0.2,0,0.5,3.0,1.0,0.1,1.0,1.57,1.0,1.0,0.0,3.0,studioX_Stage.blend,1a4b654a-7d20-44a3-9453-bccd5d8dc938,a0d541d2-a7e8-4a14-b22a-bd7446729211,801d7350-fb06-423b-96a2-06f74578a1cf,99854a16-3bc0-4b93-ad5d-c6ce1a4c3c07,False,False,False,False,6.122503,5.500807,5.846345,2.646642,cup.blend,classes,"letter opener, paper knife, paperknife","letter opener, paper knife, paperknife","airship, dirigible",paper towel
34,10.0,0.075,QUADRATIC,0.5,-0.5,0,0.253,1.57,0.3,1.256,0.2,1,0.5,3.0,1.0,0.1,1.0,1.57,1.0,1.0,0.0,3.0,studioX_Stage.blend,037685f3-56ae-4bc7-b8cd-904c8e17f549,60df38e3-c69e-412d-bdd4-e35e77d34770,27c528af-1834-4c8b-8184-a4eba3137d7b,8c99596f-ff89-48bf-8d0a-509a56427caf,False,False,False,True,6.4715714,5.916191,5.8874187,1.083562,cup.blend,classes,nail,"letter opener, paper knife, paperknife","airship, dirigible",cup
35,10.0,0.075,QUADRATIC,0.5,-0.5,0,0.253,1.57,0.3,1.256,0.2,2,0.5,3.0,1.0,0.1,1.0,1.57,1.0,1.0,0.0,3.0,studioX_Stage.blend,3b5206e9-770b-4627-9bf7-4ebb586577ac,05ffe702-782e-4c5f-af03-e6a2964eb291,8081ac1a-51df-4010-8857-a35c1b3e98ff,ef3ec55a-1363-470b-b93f-3869d98c58be,False,False,False,False,7.621336,5.746907,6.107313,2.8858218,cup.blend,classes,nail,"letter opener, paper knife, paperknife","airship, dirigible",window shade
36,10.0,0.15,QUADRATIC,0.5,-0.5,0,0.253,1.57,0.3,1.256,0.2,0,0.5,3.0,1.0,0.1,1.0,1.57,1.0,1.0,0.0,3.0,studioX_Stage.blend,2753c55a-5681-483b-8a18-3445929eb527,933ba8d5-5216-4dae-b2c1-5ab405310cbc,3fb24a2b-a686-4d86-b4be-6bb22ce44f7a,539fefaa-53a7-44a6-9413-9e1be306da33,False,False,False,False,6.578606,6.0292454,6.012762,2.6613479,cup.blend,classes,"letter opener, paper knife, paperknife","letter opener, paper knife, paperknife","airship, dirigible",paper towel
37,10.0,0.15,QUADRATIC,0.5,-0.5,0,0.253,1.57,0.3,1.256,0.2,1,0.5,3.0,1.0,0.1,1.0,1.57,1.0,1.0,0.0,3.0,studioX_Stage.blend,537a1142-3f4f-4409-aed6-4e7dc6b7e3f5,7c3e5188-252d-49e9-b11b-9a1cea3bcdcc,50e5c3da-0c2f-4470-af98-142b43abc5da,c1abed95-ca3f-4087-935b-8494709a0251,False,False,False,False,7.318719,6.5572495,5.878908,1.9628363,cup.blend,classes,nail,"letter opener, paper knife, paperknife","airship, dirigible","washbasin, handbasin, washbowl, lavabo, wash-hand basin"
38,10.0,0.15,QUADRATIC,0.5,-0.5,0,0.253,1.57,0.3,1.256,0.2,2,0.5,3.0,1.0,0.1,1.0,1.57,1.0,1.0,0.0,3.0,studioX_Stage.blend,25c954b9-81f0-426d-9962-62831471ff41,c293818e-8c16-492d-b40d-b854edd40fe4,34fdb716-9149-4e50-beb1-018f12d7995d,a1a9c4b8-64a6-4de5-9888-e2c37712413f,False,False,False,True,7.507227,7.402433,5.8597126,1.8427949,cup.blend,classes,nail,nail,"airship, dirigible",cup
39,10.0,0.22499999999999998,QUADRATIC,0.5,-0.5,0,0.253,1.57,0.3,1.256,0.2,0,0.5,3.0,1.0,0.1,1.0,1.57,1.0,1.0,0.0,3.0,studioX_Stage.blend,20b540f5-339c-4d08-afcd-1f57b2ee0352,3c0ce398-121f-47d0-9dc1-85172623d4d8,b78f6e9b-38c6-4c62-91e2-0f431cc859a1,ac352cfa-61c6-4a5e-bdbb-d9fc1c812106,False,False,False,False,6.8865843,6.5242815,5.7405233,2.8762698,cup.blend,classes,"letter opener, paper knife, paperknife","letter opener, paper knife, paperknife",envelope,paper towel
40,10.0,0.22499999999999998,QUADRATIC,0.5,-0.5,0,0.253,1.57,0.3,1.256,0.2,1,0.5,3.0,1.0,0.1,1.0,1.57,1.0,1.0,0.0,3.0,studioX_Stage.blend,b27f821e-5b68-4b4e-989a-d1605f44a048,0a916210-0882-415a-805a-f525de8174ed,5ff74bcd-456b-4110-9188-49432db22fc0,9383379f-a770-4f55-be2f-ce209772c64d,False,False,False,True,6.659876,6.6313767,5.734445,0.94792014,cup.blend,classes,envelope,envelope,envelope,cup
41,10.0,0.22499999999999998,QUADRATIC,0.5,-0.5,0,0.253,1.57,0.3,1.256,0.2,2,0.5,3.0,1.0,0.1,1.0,1.57,1.0,1.0,0.0,3.0,studioX_Stage.blend,498ac138-5331-4a07-af12-306e0ac11350,ac9e946a-9636-43a6-af99-2db4b1c35351,eb2d662d-0d4a-49d4-921e-8da6152d1a92,ba00ab4b-7cef-490f-85f0-342c972fea4f,False,False,False,False,6.6166086,7.03603,5.658428,2.1558015,cup.blend,classes,"rule, ruler",envelope,"rule, ruler",window shade
42,10.0,0.3,QUADRATIC,0.5,-0.5,0,0.253,1.57,0.3,1.256,0.2,0,0.5,3.0,1.0,0.1,1.0,1.57,1.0,1.0,0.0,3.0,studioX_Stage.blend,83ae8088-2c70-429a-8814-4a1c3b4bb368,166aaebd-8bac-40ab-8b91-afbc95bdd685,111639d9-58c1-46bc-9568-eb96f9ae8a87,2a3c0631-ad2d-458f-9d62-d3207c9d0f11,False,False,False,False,6.4719505,6.711258,5.8819504,2.902192,cup.blend,classes,envelope,envelope,envelope,"washbasin, handbasin, washbowl, lavabo, wash-hand basin"
43,10.0,0.3,QUADRATIC,0.5,-0.5,0,0.253,1.57,0.3,1.256,0.2,1,0.5,3.0,1.0,0.1,1.0,1.57,1.0,1.0,0.0,3.0,studioX_Stage.blend,96c4e9ff-eb37-46c2-916c-5cbc1452f42b,c7e00910-3bc2-4b4d-bdd0-a871c9f80103,26045f13-2595-43cd-9c02-e105626c238e,44326ba7-9874-4bc3-b8df-55b96c1983d0,False,False,False,False,6.232311,6.7147784,5.9132543,1.5184146,cup.blend,classes,envelope,envelope,envelope,"washbasin, handbasin, washbowl, lavabo, wash-hand basin"
44,10.0,0.3,QUADRATIC,0.5,-0.5,0,0.253,1.57,0.3,1.256,0.2,2,0.5,3.0,1.0,0.1,1.0,1.57,1.0,1.0,0.0,3.0,studioX_Stage.blend,848e34bd-498f-49a6-9c66-3cf476d5d2c0,5ea1dd4e-becd-4928-8ab4-a5b82fb9f407,2149113c-2275-4f59-98c1-6ebd9ba0b6ad,a8c2e119-af85-43f1-87cc-1be59ee6645d,False,False,False,True,6.2495966,7.3801055,5.735389,1.5311315,cup.blend,classes,"rule, ruler",envelope,envelope,cup
45,10.0,0.0,QUADRATIC,0.5,-0.5,0,0.253,1.57,0.3,1.256,0.2,0,0.5,3.0,1.0,0.1,1.0,2.355,1.0,1.0,0.0,3.0,studioX_Stage.blend,2e099d8a-c997-4547-8a4d-2e86f4a3f77f,4ff0b652-fb8a-4dcc-83bb-edcba3791049,07ad6d93-1a3e-4d78-8c36-4e650d849476,e94f1529-c860-4740-b214-c7b8b455b8a3,False,False,False,False,5.1988726,4.365343,6.0997667,1.7669197,cup.blend,classes,"airship, dirigible","letter opener, paper knife, paperknife","airship, dirigible",paper towel
46,10.0,0.0,QUADRATIC,0.5,-0.5,0,0.253,1.57,0.3,1.256,0.2,1,0.5,3.0,1.0,0.1,1.0,2.355,1.0,1.0,0.0,3.0,studioX_Stage.blend,e7b609ff-d814-4a7f-abbf-8ecd24bd57d0,646d2e8a-5b53-4ba6-8794-d533b1524517,58517e83-8a6d-4d2a-95e4-b083d4b7ac0b,26d5e3e2-2b59-476a-bd5d-874e1bc6e58e,False,False,False,False,5.328707,4.9874134,6.4209604,2.2073083,cup.blend,classes,"airship, dirigible","airship, dirigible","airship, dirigible",window shade
47,10.0,0.0,QUADRATIC,0.5,-0.5,0,0.253,1.57,0.3,1.256,0.2,2,0.5,3.0,1.0,0.1,1.0,2.355,1.0,1.0,0.0,3.0,studioX_Stage.blend,153f5ca5-abab-4dc5-8d0f-b2b3727302f0,fe4ea397-26f9-4642-9e24-f2dcc6c8570f,aa915f8f-5e40-4a51-9786-6729131478e6,76c85005-c126-4710-bd78-e746b5cd9ad8,False,False,False,False,6.6460466,5.5539784,6.4177237,2.6004083,cup.blend,classes,"airship, dirigible","airship, dirigible","airship, dirigible",window shade
48,10.0,0.075,QUADRATIC,0.5,-0.5,0,0.253,1.57,0.3,1.256,0.2,0,0.5,3.0,1.0,0.1,1.0,2.355,1.0,1.0,0.0,3.0,studioX_Stage.blend,567d0b20-8156-434b-8f8a-94b686554390,84d4687f-8adc-4056-af36-1727ce170eec,f7aa32e3-cc0d-4e91-bd5a-e82a870c5d69,10dfd97d-399b-4d5c-88b3-de0030523202,False,False,False,False,5.499145,4.0955634,5.9831448,2.8155227,cup.blend,classes,"airship, dirigible","airship, dirigible","letter opener, paper knife, paperknife","washbasin, handbasin, washbowl, lavabo, wash-hand basin"
49,10.0,0.075,QUADRATIC,0.5,-0.5,0,0.253,1.57,0.3,1.256,0.2,1,0.5,3.0,1.0,0.1,1.0,2.355,1.0,1.0,0.0,3.0,studioX_Stage.blend,8292263e-92a1-42b2-b23c-c40f6ebeb5be,9f107d1f-aee3-43e4-b960-110c87e174f8,28020c0b-8bdb-40d6-a3a9-ae4ae97f7cbf,8a7eea2c-b0a1-4fbc-8fb2-1a2ce84df638,False,False,False,False,6.8597603,4.955333,6.134861,2.159377,cup.blend,classes,"airship, dirigible","airship, dirigible","airship, dirigible","studio couch, day bed"
50,10.0,0.075,QUADRATIC,0.5,-0.5,0,0.253,1.57,0.3,1.256,0.2,2,0.5,3.0,1.0,0.1,1.0,2.355,1.0,1.0,0.0,3.0,studioX_Stage.blend,0e953114-e831-41cc-9ca7-bf76ca56745e,10bb15f8-3f0c-4c48-9a39-7c1aa9f72f51,1178105a-e02a-48a7-9786-9bcba85b33d3,6a1c23a9-b551-4442-bf64-dc0904077b3e,False,False,False,False,8.065979,5.9656897,6.6878443,4.2493577,cup.blend,classes,broom,"airship, dirigible","airship, dirigible","iron, smoothing iron"
51,10.0,0.15,QUADRATIC,0.5,-0.5,0,0.253,1.57,0.3,1.256,0.2,0,0.5,3.0,1.0,0.1,1.0,2.355,1.0,1.0,0.0,3.0,studioX_Stage.blend,391df56d-f86a-451b-b087-729ed896e090,38b43964-d2f6-42d7-b14f-a950ce3cddc6,5e4ebf6d-5b3c-4e85-9e33-53e70faf651c,820a9542-5bdd-45ca-ae0f-ed90bcf6b692,False,False,False,False,6.633262,6.1354785,6.115591,2.812786,cup.blend,classes,"airship, dirigible","letter opener, paper knife, paperknife","airship, dirigible","washbasin, handbasin, washbowl, lavabo, wash-hand basin"
52,10.0,0.15,QUADRATIC,0.5,-0.5,0,0.253,1.57,0.3,1.256,0.2,1,0.5,3.0,1.0,0.1,1.0,2.355,1.0,1.0,0.0,3.0,studioX_Stage.blend,a0fbf0f1-9d37-448c-88b0-6cf63f2bd94e,7601afaa-2b8c-4507-8397-34b1958fb9ff,263c3c03-9760-4157-953e-32966e965a07,9774e4f4-d047-4b14-aedc-a9353a9a70f7,False,False,False,False,7.2279077,6.913726,6.1053934,2.5153596,cup.blend,classes,"letter opener, paper knife, paperknife","letter opener, paper knife, paperknife","airship, dirigible","studio couch, day bed"
53,10.0,0.15,QUADRATIC,0.5,-0.5,0,0.253,1.57,0.3,1.256,0.2,2,0.5,3.0,1.0,0.1,1.0,2.355,1.0,1.0,0.0,3.0,studioX_Stage.blend,38f71a10-85b8-4899-a5e3-35dec5572fd7,08ee392c-a303-435d-be39-d651f329ab09,c9d30191-7c61-4302-8f1b-5bb459eaa7ba,cd82ce8f-c9f7-447f-91e2-c8b59de44658,False,False,False,False,8.009741,7.475774,6.4210153,6.7940474,cup.blend,classes,"rule, ruler","airship, dirigible","rule, ruler",window shade
54,10.0,0.22499999999999998,QUADRATIC,0.5,-0.5,0,0.253,1.57,0.3,1.256,0.2,0,0.5,3.0,1.0,0.1,1.0,2.355,1.0,1.0,0.0,3.0,studioX_Stage.blend,cca4dcc2-1b7a-4fb7-bbcc-f9bd34135592,228914c4-6770-43a4-9085-8200c193e416,9956c609-761f-4da4-89e6-c37ef32419ae,c2a62125-33c7-41cd-a957-69866c15ce70,False,False,False,False,6.959518,6.314705,5.8258495,2.723606,cup.blend,classes,"letter opener, paper knife, paperknife","letter opener, paper knife, paperknife",wing,paper towel
55,10.0,0.22499999999999998,QUADRATIC,0.5,-0.5,0,0.253,1.57,0.3,1.256,0.2,1,0.5,3.0,1.0,0.1,1.0,2.355,1.0,1.0,0.0,3.0,studioX_Stage.blend,8e7968ed-f5b4-4c26-b1de-85f3ac33cbc7,82b4243c-68b1-4e52-9bd9-ce9611a8a033,1231d52e-5286-4482-b8b6-233a3913e22a,86a3b1bd-1919-47ff-9d84-d98310bdcf75,False,False,False,True,6.772128,6.8104277,5.9175186,1.598888,cup.blend,classes,envelope,envelope,envelope,cup
56,10.0,0.22499999999999998,QUADRATIC,0.5,-0.5,0,0.253,1.57,0.3,1.256,0.2,2,0.5,3.0,1.0,0.1,1.0,2.355,1.0,1.0,0.0,3.0,studioX_Stage.blend,b1bafe1e-51ce-4589-9a1b-b65e929ba1fb,2a664a48-8d72-44ee-b5eb-a14ac42d7edc,bcb08c6b-f5ef-4f56-be06-3a2ca76e5667,0c0b0aed-00f7-40cc-b3ff-cf91ba4885fd,False,False,False,False,7.2678537,8.102044,6.236293,2.4129715,cup.blend,classes,"rule, ruler",envelope,"rule, ruler",window shade
57,10.0,0.3,QUADRATIC,0.5,-0.5,0,0.253,1.57,0.3,1.256,0.2,0,0.5,3.0,1.0,0.1,1.0,2.355,1.0,1.0,0.0,3.0,studioX_Stage.blend,41915350-78a4-498c-bc4a-0ee5a082353f,dd65287b-1298-4673-a648-15158f39f06f,2ea467c8-c16d-4319-aae5-da5bc0e9d85b,f54f7973-892a-4aec-bd9e-b05cafb917e6,False,False,False,False,6.5856977,6.247332,5.895061,2.5048985,cup.blend,classes,"letter opener, paper knife, paperknife",wing,envelope,paper towel
58,10.0,0.3,QUADRATIC,0.5,-0.5,0,0.253,1.57,0.3,1.256,0.2,1,0.5,3.0,1.0,0.1,1.0,2.355,1.0,1.0,0.0,3.0,studioX_Stage.blend,708bc0f8-39e3-4e5c-b785-193d89ddd2db,9eee7e4a-a61c-4b35-9ecc-256ca72f1c62,8a78ed8d-58cb-45df-ac15-2d78bea36d25,6b3bd8b5-db41-46ae-84a3-3702f54022f3,False,False,False,False,6.157717,6.7310143,6.0400877,2.3084898,cup.blend,classes,envelope,envelope,envelope,"studio couch, day bed"
59,10.0,0.3,QUADRATIC,0.5,-0.5,0,0.253,1.57,0.3,1.256,0.2,2,0.5,3.0,1.0,0.1,1.0,2.355,1.0,1.0,0.0,3.0,studioX_Stage.blend,49becf34-5977-433e-acff-4ac55df5b8e6,fce4886c-c803-42b6-a71c-ea1cbdc80ade,655f0f2f-6b93-4d52-8945-cc4651b58e65,63a5cdd6-a665-41fc-a014-c40395e5b706,False,False,False,False,6.193273,7.0772133,5.8490386,5.688801,cup.blend,classes,envelope,envelope,nipple,mosquito net
60,10.0,0.0,QUADRATIC,0.5,-0.5,0,0.253,1.57,0.3,1.256,0.2,0,0.5,3.0,1.0,0.1,1.0,3.14,1.0,1.0,0.0,3.0,studioX_Stage.blend,c04f132b-1854-4ff2-9de3-da03fb28903f,044d72e6-4bee-44ba-808e-e9f523036b90,4bf90739-11cd-462c-b974-4c21c995285c,d19c52ed-dc03-4dd8-b8d6-16493cf1ab04,False,False,False,True,3.6059153,3.3278592,5.5150523,1.612205,cup.blend,classes,"lampshade, lamp shade","lampshade, lamp shade","upright, upright piano",cup
61,10.0,0.0,QUADRATIC,0.5,-0.5,0,0.253,1.57,0.3,1.256,0.2,1,0.5,3.0,1.0,0.1,1.0,3.14,1.0,1.0,0.0,3.0,studioX_Stage.blend,856fdf51-b8f3-4ccf-9609-1e7f18d243a7,39c8fbbf-3e22-4b63-b42b-5ce053072144,3ac015ef-97f0-4afd-a2bf-9bf60bc4a6b7,107f9e54-e423-4c84-b4fd-fee5d9e8759f,False,False,False,True,3.649132,3.4134924,5.1973114,1.4511555,cup.blend,classes,"lampshade, lamp shade",window shade,fountain pen,cup
62,10.0,0.0,QUADRATIC,0.5,-0.5,0,0.253,1.57,0.3,1.256,0.2,2,0.5,3.0,1.0,0.1,1.0,3.14,1.0,1.0,0.0,3.0,studioX_Stage.blend,0c3171b8-d61a-488a-9a6e-aade8060b8a3,d3854974-0fa3-4dcb-ba5e-bd4e5c6435e2,12da64a6-40e8-4da8-907a-022c6ae9ab4c,e5c7f96e-f0e4-4dbd-a9da-90a13cccf0b5,False,False,False,False,3.9871752,6.2451844,6.0957513,5.6696157,cup.blend,classes,"lampshade, lamp shade",broom,"grand piano, grand",window shade
63,10.0,0.075,QUADRATIC,0.5,-0.5,0,0.253,1.57,0.3,1.256,0.2,0,0.5,3.0,1.0,0.1,1.0,3.14,1.0,1.0,0.0,3.0,studioX_Stage.blend,d28b52fa-3799-4a0e-840f-4007a560e272,d5742769-762b-433a-9786-1e91cba2ba57,28ab7752-e4ad-4595-895f-02779dfd74e2,8d3855ef-a676-4088-8aa7-bbabcd66f27f,False,False,False,True,3.6562154,3.1610944,4.8798428,2.013486,cup.blend,classes,"lampshade, lamp shade","lampshade, lamp shade",fountain pen,cup
64,10.0,0.075,QUADRATIC,0.5,-0.5,0,0.253,1.57,0.3,1.256,0.2,1,0.5,3.0,1.0,0.1,1.0,3.14,1.0,1.0,0.0,3.0,studioX_Stage.blend,245dd352-31f4-416f-8c84-27ab5a7d27f7,b6e38c7d-6422-4ae6-b014-d240aaa67318,5fe07e20-add9-4de6-a802-fbdd13bd69d5,c6c783ba-878a-45c0-a146-c7b16b06b361,False,False,False,False,5.6140666,6.694681,6.042162,4.313373,cup.blend,classes,broom,broom,fountain pen,"pedestal, plinth, footstall"
65,10.0,0.075,QUADRATIC,0.5,-0.5,0,0.253,1.57,0.3,1.256,0.2,2,0.5,3.0,1.0,0.1,1.0,3.14,1.0,1.0,0.0,3.0,studioX_Stage.blend,d5467dc5-822a-4168-ba77-08b301043f08,6207ae1b-8e4e-448c-8432-f7d83ef4b253,fedcb97d-830a-4e8a-bb84-696907df75ad,8ec3e3d9-1ce4-4a70-9432-d20162547c51,False,False,False,False,10.54764,10.069606,8.482876,5.389465,cup.blend,classes,"solar dish, solar collector, solar furnace",broom,"cinema, movie theater, movie theatre, movie house, picture palace",window shade
66,10.0,0.15,QUADRATIC,0.5,-0.5,0,0.253,1.57,0.3,1.256,0.2,0,0.5,3.0,1.0,0.1,1.0,3.14,1.0,1.0,0.0,3.0,studioX_Stage.blend,7ad79072-9d54-422a-bdc4-08ee609f2e71,3e26563f-5915-47f6-8c5c-048628e09fa1,09dc913f-1db2-4b65-818d-e027c69a045a,cc0b41da-04ce-4d19-a019-4e1dc655ae2f,False,False,False,True,3.9459107,4.0078926,5.807686,1.5160584,cup.blend,classes,"studio couch, day bed",yawl,yawl,cup
67,10.0,0.15,QUADRATIC,0.5,-0.5,0,0.253,1.57,0.3,1.256,0.2,1,0.5,3.0,1.0,0.1,1.0,3.14,1.0,1.0,0.0,3.0,studioX_Stage.blend,983ca43a-3e63-4ae3-bb9b-b90e2456999e,5c2845ce-1ef0-4c56-8fb6-7aa4222c1d91,f9d9d86d-c176-45a8-a723-a2059f4e140e,5fe1e2b9-3d1f-4805-9f07-fa5d5cfd47fa,False,False,False,False,7.321331,5.8914857,6.772494,4.2967386,cup.blend,classes,"container ship, containership, container vessel",yawl,fireboat,mosquito net
68,10.0,0.15,QUADRATIC,0.5,-0.5,0,0.253,1.57,0.3,1.256,0.2,2,0.5,3.0,1.0,0.1,1.0,3.14,1.0,1.0,0.0,3.0,studioX_Stage.blend,0d4a194b-0c05-4ea8-a3a3-a7ac5311cdd4,01d20ef5-3e4a-47c4-8565-8f162bae2240,fe2cfa10-ba83-4753-b4f6-52893a5a4647,cc8b4832-47db-4d60-aff0-ab9706187607,False,False,False,False,8.409244,8.01766,8.27931,7.0519156,cup.blend,classes,"rule, ruler",broom,"crib, cot",mosquito net
69,10.0,0.22499999999999998,QUADRATIC,0.5,-0.5,0,0.253,1.57,0.3,1.256,0.2,0,0.5,3.0,1.0,0.1,1.0,3.14,1.0,1.0,0.0,3.0,studioX_Stage.blend,5439aa60-1bf6-4215-934a-e33c4ff86363,43f8e280-5418-4906-9deb-44e10ebe7b62,e2caddd2-98ee-467b-b621-a9a3eff21708,82b7d5a1-fdcb-4fb9-835b-de0c17671998,False,False,False,True,4.910809,5.4826326,6.4983377,1.3137438,cup.blend,classes,fireboat,fireboat,fireboat,cup
70,10.0,0.22499999999999998,QUADRATIC,0.5,-0.5,0,0.253,1.57,0.3,1.256,0.2,1,0.5,3.0,1.0,0.1,1.0,3.14,1.0,1.0,0.0,3.0,studioX_Stage.blend,90e8ead3-fcf3-4bb2-a402-b396b98a8b16,b097a63d-9ec5-4428-8607-7a69c74d50f4,ae36aa06-d90c-4d7f-9416-1d477306e8c1,c2f9a355-37b9-45c4-898a-b0f2075b5785,False,False,False,False,7.1451817,7.4019747,6.114994,3.730313,cup.blend,classes,"solar dish, solar collector, solar furnace",fireboat,fireboat,fireboat
71,10.0,0.22499999999999998,QUADRATIC,0.5,-0.5,0,0.253,1.57,0.3,1.256,0.2,2,0.5,3.0,1.0,0.1,1.0,3.14,1.0,1.0,0.0,3.0,studioX_Stage.blend,5f260864-6fd6-400c-96e4-64a798293bf1,74edd862-4842-4578-87c1-f56ef943fed9,a3a5032d-54ee-4a19-ac97-78ff74d2f89d,731a65fe-6cfd-47dc-ae0c-be75244af763,False,False,False,False,7.325263,7.9235735,5.779709,5.0464783,cup.blend,classes,broom,"crib, cot",measuring cup,envelope
72,10.0,0.3,QUADRATIC,0.5,-0.5,0,0.253,1.57,0.3,1.256,0.2,0,0.5,3.0,1.0,0.1,1.0,3.14,1.0,1.0,0.0,3.0,studioX_Stage.blend,0935e30f-19a9-45e7-b78c-2fb63ae3e22f,dbb65121-b758-4ba0-bb2a-900b77e6b6c2,47f7cf11-d03b-41c8-86eb-c4812b296185,41dd63f0-6d19-40ec-9fe0-c77fa1c9f502,False,False,False,True,5.5835915,6.5736704,6.532434,1.40461,cup.blend,classes,fireboat,fireboat,wing,cup
73,10.0,0.3,QUADRATIC,0.5,-0.5,0,0.253,1.57,0.3,1.256,0.2,1,0.5,3.0,1.0,0.1,1.0,3.14,1.0,1.0,0.0,3.0,studioX_Stage.blend,98b3bd09-8be1-47eb-b6b9-40dbf3aa981c,89f8646f-9e06-429b-ab66-953cb6d3a079,70a9d003-9d37-4960-b6ee-ea005318fa9c,ce9e0e0d-aa98-428f-be70-42dc3c15e054,False,False,False,False,6.3642387,6.2080173,6.5711837,3.8409874,cup.blend,classes,shower curtain,pier,wing,envelope
74,10.0,0.3,QUADRATIC,0.5,-0.5,0,0.253,1.57,0.3,1.256,0.2,2,0.5,3.0,1.0,0.1,1.0,3.14,1.0,1.0,0.0,3.0,studioX_Stage.blend,ccfc5a72-2557-4d30-b2c9-8b72c9700f5a,c1a2a368-cda8-4ad7-b265-78e40215c41a,b9fd52e0-d3b2-46c5-b5ee-ccff5d87fe51,6531b350-735d-4245-ae3a-b0d772227388,False,False,False,False,6.218613,7.1774564,6.286514,7.1730375,cup.blend,classes,shower curtain,bassinet,wing,fireboat
75,10.0,0.0,QUADRATIC,0.5,-0.5,0,0.253,1.57,0.3,1.256,0.2,0,0.5,3.0,1.0,0.1,1.0,0.0,1.0,1.0,0.0,3.0,studioX_Stage.blend,f94d0d5c-d834-4157-933c-a345c0b9d1ca,d5e49f3f-b4cd-4140-bf08-3f02b699136c,b0a3ef63-8032-460e-be3b-e09aba0805a2,2c2e2f9d-2136-4377-a432-63bb58ad54c6,False,False,False,False,6.1704755,4.417117,7.4679523,1.2341673,025_mug.blend,classes,digital clock,digital clock,digital clock,cup
76,10.0,0.0,QUADRATIC,0.5,-0.5,0,0.253,1.57,0.3,1.256,0.2,1,0.5,3.0,1.0,0.1,1.0,0.0,1.0,1.0,0.0,3.0,studioX_Stage.blend,60e179f1-ae96-472f-8296-55105ad0c0db,ebae6d42-63ce-4b53-870f-d341d2986d49,8e5c7fdf-96fc-403a-a5bf-c52775642526,56a637c6-fffa-4df5-8cb6-8cbc751d596f,False,False,False,True,4.905331,2.9248571,2.9729357,0.7080056,025_mug.blend,classes,"theater curtain, theatre curtain","theater curtain, theatre curtain","theater curtain, theatre curtain",coffee mug
77,10.0,0.0,QUADRATIC,0.5,-0.5,0,0.253,1.57,0.3,1.256,0.2,2,0.5,3.0,1.0,0.1,1.0,0.0,1.0,1.0,0.0,3.0,studioX_Stage.blend,739c65ed-6c36-490d-bd73-add7f934f454,ba76ce82-f6fe-4895-becc-0e4fc7d2904b,79f4e374-f117-4466-9001-53db3f269385,a531f15c-b36e-4718-bf5f-5f47af618048,False,False,False,True,5.6849413,5.5339727,5.2180037,0.4963142,025_mug.blend,classes,"theater curtain, theatre curtain","theater curtain, theatre curtain","theater curtain, theatre curtain",coffee mug
78,10.0,0.075,QUADRATIC,0.5,-0.5,0,0.253,1.57,0.3,1.256,0.2,0,0.5,3.0,1.0,0.1,1.0,0.0,1.0,1.0,0.0,3.0,studioX_Stage.blend,c4a82565-8a8e-4bb7-bb94-0ac1db336d10,98506439-65d3-4c69-9407-dde08e283d9b,6edcef88-d086-4749-a31b-ca46d1be4aa6,6576cc23-9e9e-4182-8ed5-940d82ceb6b5,False,True,False,True,2.3452227,1.0993224,2.2979305,0.6333034,025_mug.blend,classes,"theater curtain, theatre curtain",coffee mug,digital clock,coffee mug
79,10.0,0.075,QUADRATIC,0.5,-0.5,0,0.253,1.57,0.3,1.256,0.2,1,0.5,3.0,1.0,0.1,1.0,0.0,1.0,1.0,0.0,3.0,studioX_Stage.blend,12e5320d-598d-44d5-b362-312c1ccb5810,c2575ef6-ffa8-4a11-924c-a43434b1f962,03c19d70-6c05-4ec7-b0c2-862baa2f3290,144db99f-1820-4001-abe5-20d2ef5939e4,True,True,True,True,2.4676924,0.8547217,2.327086,0.33455732,025_mug.blend,classes,coffee mug,coffee mug,coffee mug,coffee mug
80,10.0,0.075,QUADRATIC,0.5,-0.5,0,0.253,1.57,0.3,1.256,0.2,2,0.5,3.0,1.0,0.1,1.0,0.0,1.0,1.0,0.0,3.0,studioX_Stage.blend,beb8a13f-ea61-4c17-aba1-792cf01d4b5d,e31ae94f-234e-4b5c-8507-431e0bc796f9,96bba459-6c90-4807-bd5f-11729321ab09,9ac875a4-04ef-4345-b173-6c8efb2e411b,False,False,False,False,6.9192114,2.4648623,7.4613433,4.8709497,025_mug.blend,classes,broom,"theater curtain, theatre curtain",broom,broom
81,10.0,0.15,QUADRATIC,0.5,-0.5,0,0.253,1.57,0.3,1.256,0.2,0,0.5,3.0,1.0,0.1,1.0,0.0,1.0,1.0,0.0,3.0,studioX_Stage.blend,808ffdd0-d2bc-4761-8400-17f2ba072b3e,1c7fa531-c755-494f-acf2-e3f9aa646139,ea8e37f4-ea18-4684-ac0f-b5567a851215,238fb1d1-33d9-487b-960d-ad30be1082ca,True,True,True,True,1.4871453,0.5532096,1.339413,0.6288415,025_mug.blend,classes,coffee mug,coffee mug,coffee mug,coffee mug
82,10.0,0.15,QUADRATIC,0.5,-0.5,0,0.253,1.57,0.3,1.256,0.2,1,0.5,3.0,1.0,0.1,1.0,0.0,1.0,1.0,0.0,3.0,studioX_Stage.blend,03cf201b-a0e6-4235-b807-50546266e012,1ace17d0-f0b1-4b6e-b19e-8ec8c55f050d,ec859e56-6dad-4e54-99ee-26cd31b5a3e8,a85b9f7e-7b3e-45a2-aa7d-413c5e68a094,False,False,True,True,3.2645147,3.171042,1.7673137,0.4406684,025_mug.blend,classes,broom,broom,coffee mug,coffee mug
83,10.0,0.15,QUADRATIC,0.5,-0.5,0,0.253,1.57,0.3,1.256,0.2,2,0.5,3.0,1.0,0.1,1.0,0.0,1.0,1.0,0.0,3.0,studioX_Stage.blend,eac00eca-f24d-4f7f-96f4-9cc6782e53c8,9e26d411-bcd8-4ddf-90f0-2784759ff63f,edb0b520-1ae9-45fb-9c7f-6789f968cc66,f93e5ee3-b292-4d6a-8cf2-cc7627ee87cc,False,False,False,False,10.13988,5.1949353,4.8102837,3.9629724,025_mug.blend,classes,broom,broom,broom,mosquito net
84,10.0,0.22499999999999998,QUADRATIC,0.5,-0.5,0,0.253,1.57,0.3,1.256,0.2,0,0.5,3.0,1.0,0.1,1.0,0.0,1.0,1.0,0.0,3.0,studioX_Stage.blend,796812c9-e5f7-4cc7-b2c0-222cf9da5fad,5ecab899-e777-459e-96c6-23b04b140cb0,9c3ffa54-29b4-49b0-a292-70d01f5bd00b,0b6a37a2-2bbe-4378-aaff-eea740b55afe,False,False,False,True,3.540649,2.2966833,3.7131212,1.0458963,025_mug.blend,classes,measuring cup,measuring cup,measuring cup,coffee mug
85,10.0,0.22499999999999998,QUADRATIC,0.5,-0.5,0,0.253,1.57,0.3,1.256,0.2,1,0.5,3.0,1.0,0.1,1.0,0.0,1.0,1.0,0.0,3.0,studioX_Stage.blend,3071f3e2-591f-4f99-812a-dccbe992a015,9d8586ea-990c-42f3-9732-092a1178b46b,62b44596-ffdf-407f-ac46-e26056c5c512,009f055b-a520-46df-b6d5-46ebc07bdf8f,False,False,False,True,6.2734175,3.93801,6.241345,0.7692825,025_mug.blend,classes,broom,measuring cup,nipple,coffee mug
86,10.0,0.22499999999999998,QUADRATIC,0.5,-0.5,0,0.253,1.57,0.3,1.256,0.2,2,0.5,3.0,1.0,0.1,1.0,0.0,1.0,1.0,0.0,3.0,studioX_Stage.blend,5758e6ca-40bd-4d5c-8a19-4fc2f8ce0d95,4e2998f8-50a9-4d97-9c7f-5419653df6a6,4cdcc732-b5d5-4cc4-97e4-aa7188f2f6e7,9bfdf0b9-df05-41b1-bbdf-9239962083fe,False,False,False,False,8.859125,5.7002926,6.666398,4.932152,025_mug.blend,classes,"rule, ruler",broom,nipple,shower curtain
87,10.0,0.3,QUADRATIC,0.5,-0.5,0,0.253,1.57,0.3,1.256,0.2,0,0.5,3.0,1.0,0.1,1.0,0.0,1.0,1.0,0.0,3.0,studioX_Stage.blend,d3c9f9e5-6ddd-474a-bcd4-ea89372bae87,da974c66-a591-40cc-9117-7a442b4ae657,27d8d900-87c8-40f9-96c7-147f5b5699a7,45f228c0-4498-4cae-a8e9-6cc0d5e07292,False,False,False,False,5.29545,4.380538,5.606269,1.7785225,025_mug.blend,classes,measuring cup,measuring cup,measuring cup,measuring cup
88,10.0,0.3,QUADRATIC,0.5,-0.5,0,0.253,1.57,0.3,1.256,0.2,1,0.5,3.0,1.0,0.1,1.0,0.0,1.0,1.0,0.0,3.0,studioX_Stage.blend,69813a7d-8996-4781-a555-c02393b0a4b2,1de0bbe1-4bc6-43d1-a1ff-caf0c73edf8e,e763c49d-ff9d-4b4d-aa1c-cfbc08b5269a,91b1605c-6968-42ad-b53d-3e3ca4396822,False,False,False,False,7.4501314,5.8789067,5.6971865,4.999676,025_mug.blend,classes,shower curtain,measuring cup,measuring cup,mosquito net
89,10.0,0.3,QUADRATIC,0.5,-0.5,0,0.253,1.57,0.3,1.256,0.2,2,0.5,3.0,1.0,0.1,1.0,0.0,1.0,1.0,0.0,3.0,studioX_Stage.blend,e4fea880-6eca-46a2-9286-8dcade75354d,391454df-1898-43a6-847b-b3f8129f3530,5fa6b9ee-9667-4ee3-a3a2-f543ee0f7f0d,fbc809c6-c6be-4747-bb0a-949bb549aec2,False,False,False,False,8.456009,7.1483717,7.231894,11.500623,025_mug.blend,classes,mosquito net,envelope,nipple,mosquito net
90,10.0,0.0,QUADRATIC,0.5,-0.5,0,0.253,1.57,0.3,1.256,0.2,0,0.5,3.0,1.0,0.1,1.0,0.785,1.0,1.0,0.0,3.0,studioX_Stage.blend,dbe0e44f-62cf-4cc2-93a3-88520b3828c3,100bbbda-feaa-4118-91e0-705c97c003da,d517cb80-6770-4b7e-9f1d-23c28db556f1,0a87cad6-f14f-495e-a5d7-7e7070bb3e9a,False,True,True,True,1.1933922,0.7800504,1.1291951,0.91647184,025_mug.blend,classes,cup,coffee mug,coffee mug,coffee mug
91,10.0,0.0,QUADRATIC,0.5,-0.5,0,0.253,1.57,0.3,1.256,0.2,1,0.5,3.0,1.0,0.1,1.0,0.785,1.0,1.0,0.0,3.0,studioX_Stage.blend,8ee0f2b6-0e9e-419c-9472-aaf3735d5615,fae2ed97-0cca-4b8f-bfde-562abefa8611,cfb0c7bc-3161-4f99-9882-58b04ef5b2af,7a42a169-2b0a-41c2-91f5-a668efacbd9d,False,True,False,True,1.3626444,0.78342855,1.2546091,0.7320862,025_mug.blend,classes,cup,coffee mug,cup,coffee mug
92,10.0,0.0,QUADRATIC,0.5,-0.5,0,0.253,1.57,0.3,1.256,0.2,2,0.5,3.0,1.0,0.1,1.0,0.785,1.0,1.0,0.0,3.0,studioX_Stage.blend,1c995a25-83f3-4bc1-8996-8f5d6de892e4,f9a4eea1-95b6-436e-bced-ab989eb55fad,ccc0b8f5-974c-485a-87d9-edce759c36db,b88c4f7c-4984-42ec-88de-1157694e16fd,False,True,False,False,1.3699292,0.7092506,1.2115352,0.95647204,025_mug.blend,classes,cup,coffee mug,cup,cup
93,10.0,0.075,QUADRATIC,0.5,-0.5,0,0.253,1.57,0.3,1.256,0.2,0,0.5,3.0,1.0,0.1,1.0,0.785,1.0,1.0,0.0,3.0,studioX_Stage.blend,94b1248e-394c-4153-92a8-bf8bb156728e,3589b62a-ac44-47aa-b5ff-7d9a2002563a,348924bb-e54a-4196-98f3-5ffc6e16bdf1,31dcc724-e9e3-44a3-8538-cf2a3a7a03eb,False,True,False,True,1.3460304,0.8104935,1.2303363,0.7185464,025_mug.blend,classes,cup,coffee mug,cup,coffee mug
94,10.0,0.075,QUADRATIC,0.5,-0.5,0,0.253,1.57,0.3,1.256,0.2,1,0.5,3.0,1.0,0.1,1.0,0.785,1.0,1.0,0.0,3.0,studioX_Stage.blend,dd344e89-7c48-49e8-b030-eeef64f3ecb1,e9de82a7-b3b9-4e9b-8876-a27fa4946631,c114e5d8-5fa4-403a-a52e-4790ad5f273e,6adddf87-1845-442f-a3da-5639628f7fd1,False,True,False,True,1.3737674,0.7991508,1.2960352,0.45724076,025_mug.blend,classes,cup,coffee mug,cup,coffee mug
95,10.0,0.075,QUADRATIC,0.5,-0.5,0,0.253,1.57,0.3,1.256,0.2,2,0.5,3.0,1.0,0.1,1.0,0.785,1.0,1.0,0.0,3.0,studioX_Stage.blend,079c5104-baa8-46db-87bc-673f8f6c2738,fb74e1f8-c38b-41ef-8eef-96205e62c317,163c684b-f1f4-48e2-845f-fcf08943434e,9701f71a-0f74-4cb0-8c23-c674b025d555,False,True,True,False,1.8573177,0.69900286,1.3424566,0.79728335,025_mug.blend,classes,cup,coffee mug,coffee mug,cup
96,10.0,0.15,QUADRATIC,0.5,-0.5,0,0.253,1.57,0.3,1.256,0.2,0,0.5,3.0,1.0,0.1,1.0,0.785,1.0,1.0,0.0,3.0,studioX_Stage.blend,17f91d99-9d9e-4a85-9588-67315461c8b0,13b71a7e-5bda-43a5-9b00-2c75120cec53,fab2429c-843d-4462-998c-6c7dfb39790e,3e6dee80-27fa-4b03-97a3-a21053b701c9,False,True,True,True,1.4949465,0.90507656,1.3044887,0.6382931,025_mug.blend,classes,cup,coffee mug,coffee mug,coffee mug
97,10.0,0.15,QUADRATIC,0.5,-0.5,0,0.253,1.57,0.3,1.256,0.2,1,0.5,3.0,1.0,0.1,1.0,0.785,1.0,1.0,0.0,3.0,studioX_Stage.blend,d16f32fc-2a51-4954-b9d4-156c891d9989,2135140a-9dcb-4bc9-8050-7ece9f7ac017,3c212714-e507-483a-a55b-bb55aecf0efc,1fe46de1-367d-4744-a387-07e6754abef1,False,False,False,True,1.5552373,1.3616692,1.462655,0.4179073,025_mug.blend,classes,cup,measuring cup,cup,coffee mug
98,10.0,0.15,QUADRATIC,0.5,-0.5,0,0.253,1.57,0.3,1.256,0.2,2,0.5,3.0,1.0,0.1,1.0,0.785,1.0,1.0,0.0,3.0,studioX_Stage.blend,ec331594-1697-45c5-a3d1-be0cf62a2aa0,86f533b0-df6b-4de3-aebf-7dfbac9af780,ef223c52-903b-404c-bfa7-7a93b9254795,3ff263e2-6b2b-4265-ab06-cb89760b2c08,False,True,False,True,3.6442,1.1704916,1.6109159,0.5968832,025_mug.blend,classes,"swab, swob, mop",coffee mug,cup,coffee mug
99,10.0,0.22499999999999998,QUADRATIC,0.5,-0.5,0,0.253,1.57,0.3,1.256,0.2,0,0.5,3.0,1.0,0.1,1.0,0.785,1.0,1.0,0.0,3.0,studioX_Stage.blend,657827bb-0f88-405e-a602-9e7f10b381b9,b8872c7e-02ad-492f-b147-29ffe7146977,885d0e89-1201-4b90-9ba2-f266ea08ec53,cb6d69d2-cfea-43e4-9fee-32aa06c60f1a,False,False,False,True,2.5396209,1.7067847,1.6748677,0.7817335,025_mug.blend,classes,measuring cup,measuring cup,cup,coffee mug
100,10.0,0.22499999999999998,QUADRATIC,0.5,-0.5,0,0.253,1.57,0.3,1.256,0.2,1,0.5,3.0,1.0,0.1,1.0,0.785,1.0,1.0,0.0,3.0,studioX_Stage.blend,27cb27a0-fd0c-4b8c-9f3e-eabc9b9cd732,2f50784a-9035-46f9-9750-231f0b620b33,17f22407-0d48-4bc4-8a61-9cc19ad549ba,ccc1285a-712b-4e22-af8c-106775d54d40,False,False,False,True,2.898667,2.4338534,2.8354888,0.39232993,025_mug.blend,classes,measuring cup,measuring cup,measuring cup,coffee mug
101,10.0,0.22499999999999998,QUADRATIC,0.5,-0.5,0,0.253,1.57,0.3,1.256,0.2,2,0.5,3.0,1.0,0.1,1.0,0.785,1.0,1.0,0.0,3.0,studioX_Stage.blend,b1c7d6f7-249c-4ee3-9b90-2b9e46ed2729,f702d285-90a6-45f8-8d49-6225cccf244d,89f3db9e-6a62-4e2b-8d8d-cbe511e78a15,6026d98d-63e9-47e6-97e5-111cbfe1e11e,False,False,False,False,3.7607179,2.7428582,5.403416,0.936261,025_mug.blend,classes,measuring cup,measuring cup,measuring cup,cup
102,10.0,0.3,QUADRATIC,0.5,-0.5,0,0.253,1.57,0.3,1.256,0.2,0,0.5,3.0,1.0,0.1,1.0,0.785,1.0,1.0,0.0,3.0,studioX_Stage.blend,c43d00d3-5acd-4d53-8fde-4f7b03450e6d,168c1c8a-67c8-438f-a338-42faec9ff1b8,bb54ea52-08bf-4dc0-8e23-dee3e6c8e3a2,d05c6ec7-09e6-4763-b413-e1fd041690b6,False,False,False,True,4.7058725,3.0081942,3.2530088,0.89837223,025_mug.blend,classes,measuring cup,measuring cup,measuring cup,coffee mug
103,10.0,0.3,QUADRATIC,0.5,-0.5,0,0.253,1.57,0.3,1.256,0.2,1,0.5,3.0,1.0,0.1,1.0,0.785,1.0,1.0,0.0,3.0,studioX_Stage.blend,325a47a9-3095-44c6-9338-fb61f852a9cf,d5c0b242-920b-44af-8b5d-b7d12785ad5f,d536a99a-da7e-47cd-9160-0a3094d5bb9d,7df8f3a2-3c57-4e6b-b6e1-7fabe748cada,False,False,False,True,5.486489,5.7279954,6.369729,0.802679,025_mug.blend,classes,nipple,measuring cup,nipple,coffee mug
104,10.0,0.3,QUADRATIC,0.5,-0.5,0,0.253,1.57,0.3,1.256,0.2,2,0.5,3.0,1.0,0.1,1.0,0.785,1.0,1.0,0.0,3.0,studioX_Stage.blend,8ff0c95d-1154-4044-8669-0d1549ca0152,379038f3-03a2-4d4f-a642-37db190fef89,b50d0d67-1aa7-4161-a1a0-54a9c7b937de,52879af5-da5a-48c2-b787-64231653a272,False,False,False,False,7.392399,6.3796554,7.164927,0.9007789,025_mug.blend,classes,nipple,measuring cup,nipple,cup
105,10.0,0.0,QUADRATIC,0.5,-0.5,0,0.253,1.57,0.3,1.256,0.2,0,0.5,3.0,1.0,0.1,1.0,1.57,1.0,1.0,0.0,3.0,studioX_Stage.blend,8247e30c-c7ec-4d73-a55f-1bf830aecb38,4521e1d0-1b59-4bce-879c-c13e9597ffc1,4574eee7-4bf1-4f78-bb13-20be040fe79c,04ab9722-22eb-441b-8609-381ae34fe9b3,False,True,True,True,0.9432521,0.68702507,1.101283,0.96819955,025_mug.blend,classes,cup,coffee mug,coffee mug,coffee mug
106,10.0,0.0,QUADRATIC,0.5,-0.5,0,0.253,1.57,0.3,1.256,0.2,1,0.5,3.0,1.0,0.1,1.0,1.57,1.0,1.0,0.0,3.0,studioX_Stage.blend,6ce08014-7cd6-4489-b7f0-f821f63fb333,3ca24b65-a8b9-4c3c-b7c1-d3c0c1167114,64cc33ba-ff4b-447d-820c-2e02b3ad9873,fe9d923c-c908-4401-9cc9-68d43a55416e,False,True,False,True,1.1345494,0.70629567,1.2942227,0.940767,025_mug.blend,classes,cup,coffee mug,cup,coffee mug
107,10.0,0.0,QUADRATIC,0.5,-0.5,0,0.253,1.57,0.3,1.256,0.2,2,0.5,3.0,1.0,0.1,1.0,1.57,1.0,1.0,0.0,3.0,studioX_Stage.blend,e13c9880-894b-4245-be7a-a7761c50f6fd,5a532857-56be-4d7a-be85-d1e46e74e2a1,8c718279-3d79-4431-9646-1b4a76f4c118,5a0d7dca-efcb-44b1-b49d-3865adcee9ee,False,True,False,False,1.0897173,0.84932667,1.2921298,1.1680294,025_mug.blend,classes,cup,coffee mug,cup,cup
108,10.0,0.075,QUADRATIC,0.5,-0.5,0,0.253,1.57,0.3,1.256,0.2,0,0.5,3.0,1.0,0.1,1.0,1.57,1.0,1.0,0.0,3.0,studioX_Stage.blend,259c0f5e-4cf2-4e48-a54a-2ba1694e10c6,f4b6d7ab-2bc6-4560-96a3-8ca4630dce2b,7cbd665a-1993-44e3-9864-9c5a8be1970c,27b5a820-92cd-4b23-805e-998e94d1d09a,False,True,False,True,1.1138391,0.76758814,1.2556108,0.60132754,025_mug.blend,classes,cup,coffee mug,cup,coffee mug
109,10.0,0.075,QUADRATIC,0.5,-0.5,0,0.253,1.57,0.3,1.256,0.2,1,0.5,3.0,1.0,0.1,1.0,1.57,1.0,1.0,0.0,3.0,studioX_Stage.blend,69687c47-b4e0-41e0-a3a5-e397a800640e,f98cbfaa-e438-4c4e-bfd3-134e573bf720,8795810e-bc59-403c-b5e6-e60c95c1f380,f8efa2f4-8305-4f8e-a564-135375f163f8,False,True,False,True,1.2189349,0.89767075,1.3115708,0.36340195,025_mug.blend,classes,cup,coffee mug,cup,coffee mug
110,10.0,0.075,QUADRATIC,0.5,-0.5,0,0.253,1.57,0.3,1.256,0.2,2,0.5,3.0,1.0,0.1,1.0,1.57,1.0,1.0,0.0,3.0,studioX_Stage.blend,d9f705a4-8a47-4f43-b81d-a66c5f1a9ab2,29ab3829-5b40-4801-9c71-e2f78e58d53b,fa970180-2be8-4efe-82f5-8d20fc693c7e,cdc348a5-f6d5-467e-bdc2-45c1b271034b,False,True,False,False,1.4298835,1.0108305,1.4421968,0.8904519,025_mug.blend,classes,cup,coffee mug,cup,cup
111,10.0,0.15,QUADRATIC,0.5,-0.5,0,0.253,1.57,0.3,1.256,0.2,0,0.5,3.0,1.0,0.1,1.0,1.57,1.0,1.0,0.0,3.0,studioX_Stage.blend,b01673b3-8f4b-468d-aacc-7311296abd96,ae8f298f-da0b-455e-9df8-abe37d760ea9,2109f6fb-24f5-4ac8-9c40-582cda649bdb,5811c01e-f2e7-4be9-9a41-33039e2a7bfd,False,True,True,True,1.6187932,1.184036,1.3946459,0.5696918,025_mug.blend,classes,cup,coffee mug,coffee mug,coffee mug
112,10.0,0.15,QUADRATIC,0.5,-0.5,0,0.253,1.57,0.3,1.256,0.2,1,0.5,3.0,1.0,0.1,1.0,1.57,1.0,1.0,0.0,3.0,studioX_Stage.blend,72ce55ef-0ec6-4644-be79-dc44889218c1,66b60f95-cc8e-44d8-95de-82584e787d41,dff87ffb-fda2-4731-b43a-305317a644a6,fa978221-30cd-40f4-9e74-c38ae7aaf3c0,False,False,True,True,1.9254441,1.9078982,1.4315383,0.53443605,025_mug.blend,classes,measuring cup,measuring cup,coffee mug,coffee mug
113,10.0,0.15,QUADRATIC,0.5,-0.5,0,0.253,1.57,0.3,1.256,0.2,2,0.5,3.0,1.0,0.1,1.0,1.57,1.0,1.0,0.0,3.0,studioX_Stage.blend,4ad5a363-db39-4188-b63b-d29ad04e16d7,2e8ec919-dcd9-458a-b41f-e10766c71492,caa01e35-2a01-410e-9c12-763312590221,1881d320-eea3-4134-8719-79675fd13a09,False,False,True,True,5.3658943,3.9315982,1.586091,0.7367964,025_mug.blend,classes,"swab, swob, mop",broom,coffee mug,coffee mug
114,10.0,0.22499999999999998,QUADRATIC,0.5,-0.5,0,0.253,1.57,0.3,1.256,0.2,0,0.5,3.0,1.0,0.1,1.0,1.57,1.0,1.0,0.0,3.0,studioX_Stage.blend,70e4468b-061b-4cef-9ad5-01179f0dd255,ad27b0ff-1e2b-4144-8bf7-a72e2d648d99,00751b1e-64b7-409f-b8f2-ce4eba46e607,ebf968af-3a47-49c0-a550-088b6b8b5538,False,False,False,True,2.9481182,2.263865,1.6623214,0.6128643,025_mug.blend,classes,measuring cup,measuring cup,cup,coffee mug
115,10.0,0.22499999999999998,QUADRATIC,0.5,-0.5,0,0.253,1.57,0.3,1.256,0.2,1,0.5,3.0,1.0,0.1,1.0,1.57,1.0,1.0,0.0,3.0,studioX_Stage.blend,908f86d7-b5fc-4ae8-a81d-e62b6076f3b0,699e25c5-f373-4aa2-9c12-8bd3c02598fa,2bfe33ca-f50f-4fa9-9ca4-f6ebc02e12aa,dcef1846-58cf-4e06-bce8-0a227ad01d22,False,False,False,True,3.9706943,2.600107,1.9599073,0.6878697,025_mug.blend,classes,measuring cup,measuring cup,cup,coffee mug
116,10.0,0.22499999999999998,QUADRATIC,0.5,-0.5,0,0.253,1.57,0.3,1.256,0.2,2,0.5,3.0,1.0,0.1,1.0,1.57,1.0,1.0,0.0,3.0,studioX_Stage.blend,c0fe98d2-47c7-425f-96b8-a7535c8f392c,d1824354-bbc3-4b66-8116-d1477106c08c,44c1f5e3-232a-4fdc-8d7d-012628af4458,8b5a6c8d-f3c9-4dec-8fa2-f2d189de80ce,False,False,False,False,4.0690775,2.7645714,6.094855,0.92856896,025_mug.blend,classes,measuring cup,measuring cup,measuring cup,cup
117,10.0,0.3,QUADRATIC,0.5,-0.5,0,0.253,1.57,0.3,1.256,0.2,0,0.5,3.0,1.0,0.1,1.0,1.57,1.0,1.0,0.0,3.0,studioX_Stage.blend,88eaade7-e486-4b7d-a3b1-ccba6987594f,4cc4a80f-4135-4b3b-b052-6cb7c0b813c9,e08ca133-abcb-4747-9fd7-4ae218caf5f0,c82cdb30-5095-4d63-8c0b-165d149c1195,False,False,False,True,5.039883,3.4535751,3.2871578,0.7062692,025_mug.blend,classes,nipple,measuring cup,measuring cup,coffee mug
118,10.0,0.3,QUADRATIC,0.5,-0.5,0,0.253,1.57,0.3,1.256,0.2,1,0.5,3.0,1.0,0.1,1.0,1.57,1.0,1.0,0.0,3.0,studioX_Stage.blend,1cdf5c90-52d8-46bd-9b1c-c62e2de5dbc1,da726be5-773c-4e63-ae37-72eff56917b5,645fc62f-ac53-4ab9-a236-b0a54d15d431,17d39489-4554-4059-b5ef-dd1ea5585307,False,False,False,True,7.11576,4.12744,6.6825423,0.7102267,025_mug.blend,classes,nipple,measuring cup,nipple,coffee mug
119,10.0,0.3,QUADRATIC,0.5,-0.5,0,0.253,1.57,0.3,1.256,0.2,2,0.5,3.0,1.0,0.1,1.0,1.57,1.0,1.0,0.0,3.0,studioX_Stage.blend,ac6bd592-3b14-4ac2-b9be-b0805f0fe88f,8c6946c9-37a9-4924-acdb-49b3351c5da2,f94f19cf-ee39-4653-a714-418edded4cd5,efbe47e1-fffa-4883-b0a7-7c0e251bad4a,False,False,False,False,6.8637037,7.1935706,6.915299,0.78399664,025_mug.blend,classes,nipple,envelope,nipple,cup
120,10.0,0.0,QUADRATIC,0.5,-0.5,0,0.253,1.57,0.3,1.256,0.2,0,0.5,3.0,1.0,0.1,1.0,2.355,1.0,1.0,0.0,3.0,studioX_Stage.blend,71a56750-a179-4a9a-8425-9da76ebb4848,4194da87-de5d-41bd-9488-41bafef7f439,ecaa58ce-ceb0-46f1-a443-0240f1b68aa1,a766305c-1d07-4f7a-b158-47367f6b7865,False,True,True,True,0.7949681,0.59239614,0.7896543,0.7424574,025_mug.blend,classes,cup,coffee mug,coffee mug,coffee mug
121,10.0,0.0,QUADRATIC,0.5,-0.5,0,0.253,1.57,0.3,1.256,0.2,1,0.5,3.0,1.0,0.1,1.0,2.355,1.0,1.0,0.0,3.0,studioX_Stage.blend,6d7b15de-862b-49ad-bc52-8b3d934fd9b8,dfd86289-1b9a-49b6-90a4-fe43dac24e16,4d02f246-8fea-4d0d-a8d0-dbcc30e2dffc,605ed3c9-91d4-439f-82b7-e268fd5c288f,False,True,True,False,0.91748995,0.5605476,0.8309988,0.8153165,025_mug.blend,classes,cup,coffee mug,coffee mug,cup
122,10.0,0.0,QUADRATIC,0.5,-0.5,0,0.253,1.57,0.3,1.256,0.2,2,0.5,3.0,1.0,0.1,1.0,2.355,1.0,1.0,0.0,3.0,studioX_Stage.blend,5f852eb5-4b8c-4cfc-afbc-87cef34fe9b9,781ff41f-7cc2-4d15-abd2-f5183388ad37,8ce30ce0-0046-422c-b5dc-4d99e7d9724e,0b2e6ac4-7590-41c1-aa2b-8058f95f2d9f,False,True,True,False,1.0583841,0.53808,0.77734536,1.0014397,025_mug.blend,classes,cup,coffee mug,coffee mug,cup
123,10.0,0.075,QUADRATIC,0.5,-0.5,0,0.253,1.57,0.3,1.256,0.2,0,0.5,3.0,1.0,0.1,1.0,2.355,1.0,1.0,0.0,3.0,studioX_Stage.blend,321e9eed-adda-4882-8677-33ca69197468,5d5d6ad4-5510-4c62-888e-48ea3a56d04c,85a4e646-0af0-4323-9b5a-5110128ae13e,eecc14e1-173b-44fe-aa70-137cabee6814,False,True,True,True,0.8003379,0.5788184,0.8157918,0.46345592,025_mug.blend,classes,cup,coffee mug,coffee mug,coffee mug
124,10.0,0.075,QUADRATIC,0.5,-0.5,0,0.253,1.57,0.3,1.256,0.2,1,0.5,3.0,1.0,0.1,1.0,2.355,1.0,1.0,0.0,3.0,studioX_Stage.blend,d7748c9d-73ed-4c05-8e9b-dbbbea9e4685,12aaabcd-b82f-4c80-89b7-1665db81e24d,a8a455a2-ea32-4eeb-af3a-4f9d0f410648,574987bf-bf89-4225-b8d0-8bc98ee4bd1c,False,True,True,True,0.9560394,0.6427567,0.8313288,0.480169,025_mug.blend,classes,cup,coffee mug,coffee mug,coffee mug
125,10.0,0.075,QUADRATIC,0.5,-0.5,0,0.253,1.57,0.3,1.256,0.2,2,0.5,3.0,1.0,0.1,1.0,2.355,1.0,1.0,0.0,3.0,studioX_Stage.blend,a45f16df-bacd-46ad-a973-b49edbf1c832,e767430d-9435-463b-b3eb-ed96ca5fa391,0c613a9e-be36-469e-8c91-a1e9b40ec970,067a8161-8f7c-46bc-9b69-fa1a17926d2b,False,True,True,True,1.0908253,1.2861472,0.96544087,0.74559724,025_mug.blend,classes,cup,coffee mug,coffee mug,coffee mug
126,10.0,0.15,QUADRATIC,0.5,-0.5,0,0.253,1.57,0.3,1.256,0.2,0,0.5,3.0,1.0,0.1,1.0,2.355,1.0,1.0,0.0,3.0,studioX_Stage.blend,4dea0b30-04a6-4345-adf2-8aaa1a1c86fd,de26a28f-3935-43c3-9604-95fd7b4b4289,73e34cf0-110d-4135-abf6-86ed73d7fdda,5d046481-21f0-463b-88eb-e30926220117,True,True,True,True,0.9295621,0.90598315,0.9311802,0.51074135,025_mug.blend,classes,coffee mug,coffee mug,coffee mug,coffee mug
127,10.0,0.15,QUADRATIC,0.5,-0.5,0,0.253,1.57,0.3,1.256,0.2,1,0.5,3.0,1.0,0.1,1.0,2.355,1.0,1.0,0.0,3.0,studioX_Stage.blend,79ff1e87-1732-49a0-b4ce-5c230bd9a767,ce499852-04b4-4259-8e20-a35abfb0ee2e,17e24e7d-660c-409a-801f-febad3c54960,e8b05ba4-4561-4836-91f2-a5431be504ec,False,True,True,False,1.1655791,1.067359,1.0508671,0.8055233,025_mug.blend,classes,cup,coffee mug,coffee mug,cup
128,10.0,0.15,QUADRATIC,0.5,-0.5,0,0.253,1.57,0.3,1.256,0.2,2,0.5,3.0,1.0,0.1,1.0,2.355,1.0,1.0,0.0,3.0,studioX_Stage.blend,f5be0bd6-3a2f-4c98-87e3-19efe2aed197,2464d81b-8812-446c-8437-c26eb13610c9,bddaa651-3aa5-45f4-a4b3-a182e24d4910,71670165-ff57-43cb-9901-e476ae0be75a,False,False,False,True,2.6518407,3.0487094,4.5142965,0.4968185,025_mug.blend,classes,"swab, swob, mop","swab, swob, mop",measuring cup,coffee mug
129,10.0,0.22499999999999998,QUADRATIC,0.5,-0.5,0,0.253,1.57,0.3,1.256,0.2,0,0.5,3.0,1.0,0.1,1.0,2.355,1.0,1.0,0.0,3.0,studioX_Stage.blend,0ba6ff0e-15b9-4a62-808a-aac6603c76e4,3794093d-3e9f-4f76-8cda-90947eec6dd4,7f3d148f-abfd-4600-b864-e64f94c85872,a8b36787-71b5-4840-9671-b3376b280dbc,False,False,True,True,1.5230182,1.7231414,1.487847,0.6526574,025_mug.blend,classes,cup,measuring cup,coffee mug,coffee mug
130,10.0,0.22499999999999998,QUADRATIC,0.5,-0.5,0,0.253,1.57,0.3,1.256,0.2,1,0.5,3.0,1.0,0.1,1.0,2.355,1.0,1.0,0.0,3.0,studioX_Stage.blend,7324e6d3-769a-405a-aa89-8616c8ebe089,a6fa1335-fcb4-4560-acf5-6b90098b072b,e23819f6-9b66-48ed-99c0-d0d2c1401c5f,8b0b1dce-0dea-4592-9c40-c261c1e1fccb,False,False,False,True,2.1946378,2.4789472,1.6955752,0.69430023,025_mug.blend,classes,cup,measuring cup,measuring cup,coffee mug
131,10.0,0.22499999999999998,QUADRATIC,0.5,-0.5,0,0.253,1.57,0.3,1.256,0.2,2,0.5,3.0,1.0,0.1,1.0,2.355,1.0,1.0,0.0,3.0,studioX_Stage.blend,cb5d8e69-28c2-454d-ac5b-9c4161d1eff1,b1440c43-0329-44d2-abe2-08b0812ccb08,445de71d-18c3-499a-b527-5c223fa77580,b5942b24-9ce3-4914-b975-52815b2192e3,False,False,False,False,4.0579557,3.1266665,2.9594345,0.80063266,025_mug.blend,classes,"swab, swob, mop","swab, swob, mop",measuring cup,cup
132,10.0,0.3,QUADRATIC,0.5,-0.5,0,0.253,1.57,0.3,1.256,0.2,0,0.5,3.0,1.0,0.1,1.0,2.355,1.0,1.0,0.0,3.0,studioX_Stage.blend,05e0bb57-76e7-40c5-86be-47dbf67c90c0,b07d8aee-a6d7-4d6a-8617-eef5986408bd,ef763212-d875-4087-a8ae-70a1b21afdae,ef1c0c84-7cea-4ae7-b271-8b5dd4d3d0ab,False,False,False,True,3.1190257,2.7689056,2.5679896,0.80358076,025_mug.blend,classes,measuring cup,measuring cup,measuring cup,coffee mug
133,10.0,0.3,QUADRATIC,0.5,-0.5,0,0.253,1.57,0.3,1.256,0.2,1,0.5,3.0,1.0,0.1,1.0,2.355,1.0,1.0,0.0,3.0,studioX_Stage.blend,870b5402-095f-455e-a75f-d509880fe772,808bc684-b913-4cb5-bc78-334f5564cd1e,f52dc09f-0cc9-4b74-8060-80892397f23b,099af52a-4089-462b-9b8c-1db9c4342f13,False,False,False,True,3.9577343,3.9033828,3.560367,0.6598623,025_mug.blend,classes,measuring cup,measuring cup,measuring cup,coffee mug
134,10.0,0.3,QUADRATIC,0.5,-0.5,0,0.253,1.57,0.3,1.256,0.2,2,0.5,3.0,1.0,0.1,1.0,2.355,1.0,1.0,0.0,3.0,studioX_Stage.blend,210c93af-ae0e-4dec-ba39-a3f3bd7db009,655500ec-0b05-44f2-8f98-567e100d549b,aa5f3733-dd6b-4006-9f47-553340140b41,2e337fd3-4a4f-41c9-92ae-6f3d398f205f,False,False,False,False,7.262703,6.797043,7.162342,0.82392097,025_mug.blend,classes,"rule, ruler",envelope,nipple,cup
135,10.0,0.0,QUADRATIC,0.5,-0.5,0,0.253,1.57,0.3,1.256,0.2,0,0.5,3.0,1.0,0.1,1.0,3.14,1.0,1.0,0.0,3.0,studioX_Stage.blend,7d10fd65-e9ef-4eed-86c9-c2eae476dd31,cf38a000-c303-443e-b20e-f475b3fafb6e,147e19f1-cc5d-4899-95bc-1b6c874dd8bd,ab54dc4e-75e8-44bc-ad20-4664e8226684,False,True,False,True,0.95071894,1.0690026,1.8021519,1.3346195,025_mug.blend,classes,cup,coffee mug,teapot,coffee mug
136,10.0,0.0,QUADRATIC,0.5,-0.5,0,0.253,1.57,0.3,1.256,0.2,1,0.5,3.0,1.0,0.1,1.0,3.14,1.0,1.0,0.0,3.0,studioX_Stage.blend,5279f1c5-4deb-41b8-b13d-c5863e5cac91,fd9139b9-ff11-4624-871e-b004a96bfaf4,e319f932-30d9-49f2-bd34-6da89a4af957,8e1cc581-6c61-44a5-a3ac-6400fa9ea5cc,False,True,False,False,0.9697431,1.3074795,1.8661721,1.3859371,025_mug.blend,classes,cup,coffee mug,coffeepot,cup
137,10.0,0.0,QUADRATIC,0.5,-0.5,0,0.253,1.57,0.3,1.256,0.2,2,0.5,3.0,1.0,0.1,1.0,3.14,1.0,1.0,0.0,3.0,studioX_Stage.blend,c8719eed-1c7d-43aa-b6dd-a4bbcfccdf8b,348610c0-99e6-44a1-9788-4f3568e898ee,b85679e7-1aa7-471a-acaf-039d36cfdd87,d968b3a8-49cd-45c9-89f5-ef7f98129809,True,True,False,True,0.93503493,1.2416576,1.8643432,0.69853973,025_mug.blend,classes,coffee mug,coffee mug,coffeepot,coffee mug
138,10.0,0.075,QUADRATIC,0.5,-0.5,0,0.253,1.57,0.3,1.256,0.2,0,0.5,3.0,1.0,0.1,1.0,3.14,1.0,1.0,0.0,3.0,studioX_Stage.blend,ca21a8ad-a26a-4957-a39a-84ed80988985,183228f2-17bb-48e7-bc8f-b7f9c66bdd33,eee0d9e1-cd2c-46a7-ab15-0259afacae5d,5c5fece1-2059-4ef8-80d4-32962996e5bf,True,True,False,True,0.88408387,1.178975,1.9955863,0.5555277,025_mug.blend,classes,coffee mug,coffee mug,coffeepot,coffee mug
139,10.0,0.075,QUADRATIC,0.5,-0.5,0,0.253,1.57,0.3,1.256,0.2,1,0.5,3.0,1.0,0.1,1.0,3.14,1.0,1.0,0.0,3.0,studioX_Stage.blend,a523002c-046d-4400-8a42-9f867a576d47,32ab95ec-10ed-4d3a-bb1a-b99e5d8d26ce,a80f616f-515d-4688-9755-95b9a7226f9d,186cd627-a0b3-4874-a066-94d25948f0aa,True,False,False,False,0.94417524,1.3168566,2.245367,2.0177355,025_mug.blend,classes,coffee mug,coffeepot,coffeepot,cup
140,10.0,0.075,QUADRATIC,0.5,-0.5,0,0.253,1.57,0.3,1.256,0.2,2,0.5,3.0,1.0,0.1,1.0,3.14,1.0,1.0,0.0,3.0,studioX_Stage.blend,75fcec34-4bbe-4f10-b24f-87b8eddcb723,b47bc25b-1b45-432f-b405-ca8943338fca,4df6db63-a285-4920-acac-fb2ccabe9391,3d751f89-acb8-4567-aa79-fd524a0954bb,True,False,False,True,1.3271654,3.5342228,3.8274605,0.8363728,025_mug.blend,classes,coffee mug,water jug,"pitcher, ewer",coffee mug
141,10.0,0.15,QUADRATIC,0.5,-0.5,0,0.253,1.57,0.3,1.256,0.2,0,0.5,3.0,1.0,0.1,1.0,3.14,1.0,1.0,0.0,3.0,studioX_Stage.blend,2a824a1a-ff94-4d19-af09-8222463dca4a,63121721-0485-4af4-8237-488cc0b6a493,390c49e6-b73d-4638-b9ae-a7be28e964d6,dc7cb908-428a-476d-891c-2cad7793c008,True,True,False,True,0.76669717,1.3256766,2.319572,0.6641353,025_mug.blend,classes,coffee mug,coffee mug,"pitcher, ewer",coffee mug
142,10.0,0.15,QUADRATIC,0.5,-0.5,0,0.253,1.57,0.3,1.256,0.2,1,0.5,3.0,1.0,0.1,1.0,3.14,1.0,1.0,0.0,3.0,studioX_Stage.blend,ca731cea-4d0d-4461-a991-d83c502509a3,d8ba46ee-d52a-4997-9d66-125dd3d36948,3ca50666-d26c-4d21-84c5-416ffa88232f,658a4cb7-a571-4c4b-b603-5a7b962c8c9b,True,False,False,False,1.710274,3.7226593,2.6467764,1.2564714,025_mug.blend,classes,coffee mug,water jug,"pitcher, ewer",cup
143,10.0,0.15,QUADRATIC,0.5,-0.5,0,0.253,1.57,0.3,1.256,0.2,2,0.5,3.0,1.0,0.1,1.0,3.14,1.0,1.0,0.0,3.0,studioX_Stage.blend,ac0e84e6-b08b-4874-a1ca-d4158e08f7a5,d540fdcd-d78c-441e-8d08-87bfdec3c081,cac7e3d4-79ba-4178-ba18-c2c777e947e3,7b58c6c8-a8d1-40bd-b0a3-dbbebd98aa70,False,False,False,False,8.538693,4.107868,4.1612196,2.662715,025_mug.blend,classes,"solar dish, solar collector, solar furnace",water jug,"pitcher, ewer",cup
144,10.0,0.22499999999999998,QUADRATIC,0.5,-0.5,0,0.253,1.57,0.3,1.256,0.2,0,0.5,3.0,1.0,0.1,1.0,3.14,1.0,1.0,0.0,3.0,studioX_Stage.blend,936b8cc9-2696-447c-ace6-21093d0d0145,4d2c3889-b9bd-492e-b728-3bbf69e443a2,4ccb997d-c9e2-42ef-bd23-1ec352d36bf8,3645fe73-34fb-4b2c-af7f-d6b19fe8a696,False,False,False,True,2.3284504,2.7704718,3.7443178,0.7179506,025_mug.blend,classes,water jug,water jug,"pitcher, ewer",coffee mug
145,10.0,0.22499999999999998,QUADRATIC,0.5,-0.5,0,0.253,1.57,0.3,1.256,0.2,1,0.5,3.0,1.0,0.1,1.0,3.14,1.0,1.0,0.0,3.0,studioX_Stage.blend,d48b3da7-3fd7-4e48-9203-38078c2ff2d4,536d5e33-e6cc-4a5f-9bb0-a1b8e7780743,79e7a822-42d9-468e-956b-2099dad244e6,3bc67f8b-ebb9-4959-930f-5dddc558acbb,False,False,False,False,3.4728036,4.1897564,3.7222147,2.2480369,025_mug.blend,classes,water jug,water jug,"pitcher, ewer",cup
146,10.0,0.22499999999999998,QUADRATIC,0.5,-0.5,0,0.253,1.57,0.3,1.256,0.2,2,0.5,3.0,1.0,0.1,1.0,3.14,1.0,1.0,0.0,3.0,studioX_Stage.blend,e2feedb5-1b92-4a6b-b67c-fbbe80111c5a,517d2a99-0577-4666-af32-af267f34cf74,591ec931-3fe8-4715-81fd-419a29d4f0d5,8ed7cddf-bf81-4c57-a893-ddf5f7c62a93,False,False,False,False,7.4171386,3.5840268,4.030847,2.0138912,025_mug.blend,classes,bassinet,"pitcher, ewer","pitcher, ewer",cup
147,10.0,0.3,QUADRATIC,0.5,-0.5,0,0.253,1.57,0.3,1.256,0.2,0,0.5,3.0,1.0,0.1,1.0,3.14,1.0,1.0,0.0,3.0,studioX_Stage.blend,6c0d9e2b-76e4-4bcf-9358-9bf15899eb17,4a576ac9-a01a-49ca-a8f8-73cadf57e5cd,1b46b370-383c-4517-8860-dd6e6aa80f71,089e0485-3d7f-40a8-92b4-674d46878db8,False,False,False,True,3.7147408,3.1444747,3.8286414,0.6891864,025_mug.blend,classes,water jug,measuring cup,"pitcher, ewer",coffee mug
148,10.0,0.3,QUADRATIC,0.5,-0.5,0,0.253,1.57,0.3,1.256,0.2,1,0.5,3.0,1.0,0.1,1.0,3.14,1.0,1.0,0.0,3.0,studioX_Stage.blend,ab360f4f-8d28-4b32-b012-076c3469b0b7,c3741ce5-c156-4801-946f-98b7a3c8c6cf,ff55558e-65a2-4b73-9c26-74f4698b0597,56a28567-0f9b-4dc4-9fe6-f4517a17f25e,False,False,False,False,4.668158,3.7226706,6.712511,1.9911586,025_mug.blend,classes,measuring cup,measuring cup,nipple,cup
149,10.0,0.3,QUADRATIC,0.5,-0.5,0,0.253,1.57,0.3,1.256,0.2,2,0.5,3.0,1.0,0.1,1.0,3.14,1.0,1.0,0.0,3.0,studioX_Stage.blend,5c00632a-4ad4-48ff-82d4-0102a219e8a8,c43bf719-eaa5-4e4d-8b1e-0d00251f0089,f65fc7ae-ea78-441f-915b-f5f3ad5d5431,6c2a51f0-7aa4-49eb-b14c-eb49b2f51db7,False,False,False,False,6.1933312,3.4670875,7.4351144,2.5823953,025_mug.blend,classes,bassinet,measuring cup,nipple,cup
