,is_correct_non_rob,loss_non_rob,prediction_non_rob,id_non_rob,environment_non_rob,model_non_rob,output_type_non_rob,OrbitingCameraControl.phi_non_rob,OrbitingCameraControl.theta_non_rob,OrientationControl.rotation_x_non_rob,OrientationControl.rotation_y_non_rob,OrientationControl.rotation_z_non_rob,OrbitingCameraControl.object_x_non_rob,OrbitingCameraControl.object_y_non_rob,OrbitingCameraControl.object_z_non_rob,OrbitingCameraControl.radius_non_rob,SunControl.size_non_rob,SunControl.intensity_non_rob,SunControl.elevation_non_rob,SunControl.rotation_non_rob,SunControl.altitude_non_rob,SunControl.air_non_rob,SunControl.dust_non_rob,SunControl.ozone_non_rob,SunControl.background_strength_non_rob,is_correct_rob,loss_rob,prediction_rob,id_rob,environment_rob,model_rob,output_type_rob,OrbitingCameraControl.phi_rob,OrbitingCameraControl.theta_rob,OrientationControl.rotation_x_rob,OrientationControl.rotation_y_rob,OrientationControl.rotation_z_rob,OrbitingCameraControl.object_x_rob,OrbitingCameraControl.object_y_rob,OrbitingCameraControl.object_z_rob,OrbitingCameraControl.radius_rob,SunControl.size_rob,SunControl.intensity_rob,SunControl.elevation_rob,SunControl.rotation_rob,SunControl.altitude_rob,SunControl.air_rob,SunControl.dust_rob,SunControl.ozone_rob,SunControl.background_strength_rob
0,False,4.3185015,"plunger, plumber""s helper",d29266ef-f5b2-4f42-b6ad-2111a1e23cc2,studioX_Stage.blend,025_mug.blend,classes,0.0,-3.14,-1.57,0.0,0.0,-0.5,0,0.268,0.3,3.0,1.0,1.57,0.0,1.0,3.0,1.0,1.0,0.1,False,5.72372,birdhouse,27e48cc8-9434-4931-8337-20570703c1ca,studioX_Stage.blend,025_mug.blend,classes,0.0,-3.14,-1.57,0.0,0.0,-0.5,0,0.268,0.3,3.0,1.0,1.57,0.0,1.0,3.0,1.0,1.0,0.1
1,False,2.6451116,nipple,6abb318e-6d39-4ad2-b9bf-f9e27e53486a,studioX_Stage.blend,025_mug.blend,classes,0.0,-2.4422222222222225,-1.57,0.0,0.0,-0.5,0,0.268,0.3,3.0,1.0,1.57,0.0,1.0,3.0,1.0,1.0,0.1,False,4.581645,"flatworm, platyhelminth",c74d682c-9785-418d-bbc5-66f94afaa64d,studioX_Stage.blend,025_mug.blend,classes,0.0,-2.4422222222222225,-1.57,0.0,0.0,-0.5,0,0.268,0.3,3.0,1.0,1.57,0.0,1.0,3.0,1.0,1.0,0.1
2,False,3.5791934,nipple,33d16991-1024-4c6c-b235-4aa03eaed309,studioX_Stage.blend,025_mug.blend,classes,0.0,-1.7444444444444447,-1.57,0.0,0.0,-0.5,0,0.268,0.3,3.0,1.0,1.57,0.0,1.0,3.0,1.0,1.0,0.1,False,3.9022677,"flatworm, platyhelminth",eaf7bf75-aa75-41c8-9100-125d540dc77e,studioX_Stage.blend,025_mug.blend,classes,0.0,-1.7444444444444447,-1.57,0.0,0.0,-0.5,0,0.268,0.3,3.0,1.0,1.57,0.0,1.0,3.0,1.0,1.0,0.1
3,False,2.648676,pill bottle,2faf99d9-9dc6-47f3-87e3-7c58c3244c2a,studioX_Stage.blend,025_mug.blend,classes,0.0,-1.0466666666666669,-1.57,0.0,0.0,-0.5,0,0.268,0.3,3.0,1.0,1.57,0.0,1.0,3.0,1.0,1.0,0.1,False,4.289319,"flatworm, platyhelminth",4b72001b-32bd-4337-bde0-fe3bdfa554ce,studioX_Stage.blend,025_mug.blend,classes,0.0,-1.0466666666666669,-1.57,0.0,0.0,-0.5,0,0.268,0.3,3.0,1.0,1.57,0.0,1.0,3.0,1.0,1.0,0.1
4,False,3.2099,pill bottle,7415def4-6532-4648-b3e9-0320fc1fc052,studioX_Stage.blend,025_mug.blend,classes,0.0,-0.34888888888888925,-1.57,0.0,0.0,-0.5,0,0.268,0.3,3.0,1.0,1.57,0.0,1.0,3.0,1.0,1.0,0.1,False,4.5773854,"flatworm, platyhelminth",869e9f72-a21b-4a16-a5cf-5723cbcd84d5,studioX_Stage.blend,025_mug.blend,classes,0.0,-0.34888888888888925,-1.57,0.0,0.0,-0.5,0,0.268,0.3,3.0,1.0,1.57,0.0,1.0,3.0,1.0,1.0,0.1
5,False,3.7435722,red wine,bf4e7180-7c13-4fb6-8f22-feb19b58bf2f,studioX_Stage.blend,025_mug.blend,classes,0.0,0.34888888888888925,-1.57,0.0,0.0,-0.5,0,0.268,0.3,3.0,1.0,1.57,0.0,1.0,3.0,1.0,1.0,0.1,False,4.5051765,birdhouse,73674ee0-a885-485d-bd57-30855aba070c,studioX_Stage.blend,025_mug.blend,classes,0.0,0.34888888888888925,-1.57,0.0,0.0,-0.5,0,0.268,0.3,3.0,1.0,1.57,0.0,1.0,3.0,1.0,1.0,0.1
6,False,3.266819,pill bottle,f2d9c688-6984-4501-a05b-839a47fdb36d,studioX_Stage.blend,025_mug.blend,classes,0.0,1.0466666666666664,-1.57,0.0,0.0,-0.5,0,0.268,0.3,3.0,1.0,1.57,0.0,1.0,3.0,1.0,1.0,0.1,False,4.027627,"flatworm, platyhelminth",992166f5-1968-4572-a33b-c1124ba23954,studioX_Stage.blend,025_mug.blend,classes,0.0,1.0466666666666664,-1.57,0.0,0.0,-0.5,0,0.268,0.3,3.0,1.0,1.57,0.0,1.0,3.0,1.0,1.0,0.1
7,False,4.2348976,nipple,cd06808c-3e97-4d54-b384-449c9606fdfd,studioX_Stage.blend,025_mug.blend,classes,0.0,1.744444444444444,-1.57,0.0,0.0,-0.5,0,0.268,0.3,3.0,1.0,1.57,0.0,1.0,3.0,1.0,1.0,0.1,False,4.086319,birdhouse,f5b8ad82-28ef-4876-9588-c87ecf91dc8d,studioX_Stage.blend,025_mug.blend,classes,0.0,1.744444444444444,-1.57,0.0,0.0,-0.5,0,0.268,0.3,3.0,1.0,1.57,0.0,1.0,3.0,1.0,1.0,0.1
8,False,3.35098,"plunger, plumber""s helper",8e3dffa0-1d51-4009-a137-c809b87d0ea3,studioX_Stage.blend,025_mug.blend,classes,0.0,2.4422222222222216,-1.57,0.0,0.0,-0.5,0,0.268,0.3,3.0,1.0,1.57,0.0,1.0,3.0,1.0,1.0,0.1,False,4.364559,birdhouse,10aa38c6-bd74-469f-a345-226620ce8f15,studioX_Stage.blend,025_mug.blend,classes,0.0,2.4422222222222216,-1.57,0.0,0.0,-0.5,0,0.268,0.3,3.0,1.0,1.57,0.0,1.0,3.0,1.0,1.0,0.1
9,False,4.4304376,"plunger, plumber""s helper",f03b5933-1712-4ab6-bf41-a7035e93413b,studioX_Stage.blend,025_mug.blend,classes,0.0,3.14,-1.57,0.0,0.0,-0.5,0,0.268,0.3,3.0,1.0,1.57,0.0,1.0,3.0,1.0,1.0,0.1,False,5.691063,birdhouse,5b67277b-d3f9-448d-9fe6-30aa5160023e,studioX_Stage.blend,025_mug.blend,classes,0.0,3.14,-1.57,0.0,0.0,-0.5,0,0.268,0.3,3.0,1.0,1.57,0.0,1.0,3.0,1.0,1.0,0.1
10,False,4.670966,"plunger, plumber""s helper",85e28099-af52-4f24-b20d-9340e3f33979,studioX_Stage.blend,025_mug.blend,classes,0.17444444444444443,-3.14,-1.57,0.0,0.0,-0.5,0,0.268,0.3,3.0,1.0,1.57,0.0,1.0,3.0,1.0,1.0,0.1,False,4.8181458,birdhouse,10d961b8-1c4b-403c-9c68-ba4e2faa87c4,studioX_Stage.blend,025_mug.blend,classes,0.17444444444444443,-3.14,-1.57,0.0,0.0,-0.5,0,0.268,0.3,3.0,1.0,1.57,0.0,1.0,3.0,1.0,1.0,0.1
11,False,3.3159668,pill bottle,3ff49eb5-a7f5-43bc-a073-a680abcb61d9,studioX_Stage.blend,025_mug.blend,classes,0.17444444444444443,-2.4422222222222225,-1.57,0.0,0.0,-0.5,0,0.268,0.3,3.0,1.0,1.57,0.0,1.0,3.0,1.0,1.0,0.1,False,4.724604,"flatworm, platyhelminth",e41316c2-7843-4cf7-aea6-abcc8e95b969,studioX_Stage.blend,025_mug.blend,classes,0.17444444444444443,-2.4422222222222225,-1.57,0.0,0.0,-0.5,0,0.268,0.3,3.0,1.0,1.57,0.0,1.0,3.0,1.0,1.0,0.1
12,False,2.6400418,cup,80682f0e-4bb4-43be-8cd2-688dae809f70,studioX_Stage.blend,025_mug.blend,classes,0.17444444444444443,-1.7444444444444447,-1.57,0.0,0.0,-0.5,0,0.268,0.3,3.0,1.0,1.57,0.0,1.0,3.0,1.0,1.0,0.1,False,3.5643916,"flatworm, platyhelminth",e7425c95-056e-4e2d-9669-5af9468bf919,studioX_Stage.blend,025_mug.blend,classes,0.17444444444444443,-1.7444444444444447,-1.57,0.0,0.0,-0.5,0,0.268,0.3,3.0,1.0,1.57,0.0,1.0,3.0,1.0,1.0,0.1
13,False,2.0422053,cup,f313f43f-1bcc-4e73-aaba-f484320136a1,studioX_Stage.blend,025_mug.blend,classes,0.17444444444444443,-1.0466666666666669,-1.57,0.0,0.0,-0.5,0,0.268,0.3,3.0,1.0,1.57,0.0,1.0,3.0,1.0,1.0,0.1,False,3.936841,"flatworm, platyhelminth",75052086-71f6-4869-88aa-b3e32815a974,studioX_Stage.blend,025_mug.blend,classes,0.17444444444444443,-1.0466666666666669,-1.57,0.0,0.0,-0.5,0,0.268,0.3,3.0,1.0,1.57,0.0,1.0,3.0,1.0,1.0,0.1
14,False,2.8816502,red wine,c05995fc-c020-41e8-a94c-7db0a88c81d7,studioX_Stage.blend,025_mug.blend,classes,0.17444444444444443,-0.34888888888888925,-1.57,0.0,0.0,-0.5,0,0.268,0.3,3.0,1.0,1.57,0.0,1.0,3.0,1.0,1.0,0.1,False,4.226006,birdhouse,aba8134f-1b28-4a3b-8fe2-4f52c0a54bd4,studioX_Stage.blend,025_mug.blend,classes,0.17444444444444443,-0.34888888888888925,-1.57,0.0,0.0,-0.5,0,0.268,0.3,3.0,1.0,1.57,0.0,1.0,3.0,1.0,1.0,0.1
15,False,3.7620049,red wine,250e1a4b-4813-4f37-8222-45d7bf9e9a19,studioX_Stage.blend,025_mug.blend,classes,0.17444444444444443,0.34888888888888925,-1.57,0.0,0.0,-0.5,0,0.268,0.3,3.0,1.0,1.57,0.0,1.0,3.0,1.0,1.0,0.1,False,4.1147714,"flatworm, platyhelminth",f2db0435-b94a-4da9-91aa-88c9f80bfa28,studioX_Stage.blend,025_mug.blend,classes,0.17444444444444443,0.34888888888888925,-1.57,0.0,0.0,-0.5,0,0.268,0.3,3.0,1.0,1.57,0.0,1.0,3.0,1.0,1.0,0.1
16,False,3.316718,pill bottle,7380b95d-46d4-4702-bfc0-2b4b09896ffc,studioX_Stage.blend,025_mug.blend,classes,0.17444444444444443,1.0466666666666664,-1.57,0.0,0.0,-0.5,0,0.268,0.3,3.0,1.0,1.57,0.0,1.0,3.0,1.0,1.0,0.1,False,3.8662565,"flatworm, platyhelminth",8c6248b3-2111-4bfa-919b-c5361c2b908e,studioX_Stage.blend,025_mug.blend,classes,0.17444444444444443,1.0466666666666664,-1.57,0.0,0.0,-0.5,0,0.268,0.3,3.0,1.0,1.57,0.0,1.0,3.0,1.0,1.0,0.1
17,False,2.7608728,"bucket, pail",d793c089-cdf8-47d0-8e58-3130fa75e3de,studioX_Stage.blend,025_mug.blend,classes,0.17444444444444443,1.744444444444444,-1.57,0.0,0.0,-0.5,0,0.268,0.3,3.0,1.0,1.57,0.0,1.0,3.0,1.0,1.0,0.1,False,4.088488,"flatworm, platyhelminth",0d04246e-2c81-420b-be3d-e067499e8ae3,studioX_Stage.blend,025_mug.blend,classes,0.17444444444444443,1.744444444444444,-1.57,0.0,0.0,-0.5,0,0.268,0.3,3.0,1.0,1.57,0.0,1.0,3.0,1.0,1.0,0.1
18,False,3.6102638,nipple,813c478c-d2c8-4542-8271-a99e65712f9e,studioX_Stage.blend,025_mug.blend,classes,0.17444444444444443,2.4422222222222216,-1.57,0.0,0.0,-0.5,0,0.268,0.3,3.0,1.0,1.57,0.0,1.0,3.0,1.0,1.0,0.1,False,3.9788327,"flatworm, platyhelminth",03c6ca8c-09f8-4a5c-a73f-823cee047f8e,studioX_Stage.blend,025_mug.blend,classes,0.17444444444444443,2.4422222222222216,-1.57,0.0,0.0,-0.5,0,0.268,0.3,3.0,1.0,1.57,0.0,1.0,3.0,1.0,1.0,0.1
19,False,4.588581,"plunger, plumber""s helper",68945cd5-74d2-4e21-a18f-83df69ab0c54,studioX_Stage.blend,025_mug.blend,classes,0.17444444444444443,3.14,-1.57,0.0,0.0,-0.5,0,0.268,0.3,3.0,1.0,1.57,0.0,1.0,3.0,1.0,1.0,0.1,False,4.8209295,birdhouse,d6cffdc3-1cce-4f65-9335-4f96d7c7e1c4,studioX_Stage.blend,025_mug.blend,classes,0.17444444444444443,3.14,-1.57,0.0,0.0,-0.5,0,0.268,0.3,3.0,1.0,1.57,0.0,1.0,3.0,1.0,1.0,0.1
20,False,4.3443713,pencil sharpener,6414e2c0-a0e2-4085-be1a-c6b8a6d77e7b,studioX_Stage.blend,025_mug.blend,classes,0.34888888888888886,-3.14,-1.57,0.0,0.0,-0.5,0,0.268,0.3,3.0,1.0,1.57,0.0,1.0,3.0,1.0,1.0,0.1,False,3.4448597,"flatworm, platyhelminth",24548885-d513-4bd7-808d-b7b1bc2e96ef,studioX_Stage.blend,025_mug.blend,classes,0.34888888888888886,-3.14,-1.57,0.0,0.0,-0.5,0,0.268,0.3,3.0,1.0,1.57,0.0,1.0,3.0,1.0,1.0,0.1
21,False,4.323864,pencil sharpener,756daa2f-64aa-4291-8201-151f2be7c27b,studioX_Stage.blend,025_mug.blend,classes,0.34888888888888886,-2.4422222222222225,-1.57,0.0,0.0,-0.5,0,0.268,0.3,3.0,1.0,1.57,0.0,1.0,3.0,1.0,1.0,0.1,False,3.736495,"flatworm, platyhelminth",23ced4ba-f890-4086-818b-614e6db728d6,studioX_Stage.blend,025_mug.blend,classes,0.34888888888888886,-2.4422222222222225,-1.57,0.0,0.0,-0.5,0,0.268,0.3,3.0,1.0,1.57,0.0,1.0,3.0,1.0,1.0,0.1
22,False,2.5656912,"bucket, pail",97720bf6-f7b2-45ac-b2d0-3737330a6b7b,studioX_Stage.blend,025_mug.blend,classes,0.34888888888888886,-1.7444444444444447,-1.57,0.0,0.0,-0.5,0,0.268,0.3,3.0,1.0,1.57,0.0,1.0,3.0,1.0,1.0,0.1,False,2.9321215,"flatworm, platyhelminth",a2771f22-7391-46eb-9ae2-b4138147e948,studioX_Stage.blend,025_mug.blend,classes,0.34888888888888886,-1.7444444444444447,-1.57,0.0,0.0,-0.5,0,0.268,0.3,3.0,1.0,1.57,0.0,1.0,3.0,1.0,1.0,0.1
23,False,2.4008362,paintbrush,6fcf8ecf-1dc2-490a-af57-1bd09f1a26d1,studioX_Stage.blend,025_mug.blend,classes,0.34888888888888886,-1.0466666666666669,-1.57,0.0,0.0,-0.5,0,0.268,0.3,3.0,1.0,1.57,0.0,1.0,3.0,1.0,1.0,0.1,False,2.8195057,"flatworm, platyhelminth",c25d3c46-5592-482d-bd35-236a659c2039,studioX_Stage.blend,025_mug.blend,classes,0.34888888888888886,-1.0466666666666669,-1.57,0.0,0.0,-0.5,0,0.268,0.3,3.0,1.0,1.57,0.0,1.0,3.0,1.0,1.0,0.1
24,False,3.1871853,pill bottle,516228c9-0cf3-4f79-949f-1d09ae4b3553,studioX_Stage.blend,025_mug.blend,classes,0.34888888888888886,-0.34888888888888925,-1.57,0.0,0.0,-0.5,0,0.268,0.3,3.0,1.0,1.57,0.0,1.0,3.0,1.0,1.0,0.1,False,3.4487824,"flatworm, platyhelminth",719ff0ac-181b-4fb7-8ae2-1d821f63c49a,studioX_Stage.blend,025_mug.blend,classes,0.34888888888888886,-0.34888888888888925,-1.57,0.0,0.0,-0.5,0,0.268,0.3,3.0,1.0,1.57,0.0,1.0,3.0,1.0,1.0,0.1
25,False,3.5154393,pill bottle,9bb78bdc-7f6b-43bd-8af4-3d9a52e24c7a,studioX_Stage.blend,025_mug.blend,classes,0.34888888888888886,0.34888888888888925,-1.57,0.0,0.0,-0.5,0,0.268,0.3,3.0,1.0,1.57,0.0,1.0,3.0,1.0,1.0,0.1,False,3.6213837,"flatworm, platyhelminth",0673a0fe-6ffa-42e4-82f6-423dee73be3c,studioX_Stage.blend,025_mug.blend,classes,0.34888888888888886,0.34888888888888925,-1.57,0.0,0.0,-0.5,0,0.268,0.3,3.0,1.0,1.57,0.0,1.0,3.0,1.0,1.0,0.1
26,False,1.6001513,cup,3231c600-4205-44ce-8575-b17e50497238,studioX_Stage.blend,025_mug.blend,classes,0.34888888888888886,1.0466666666666664,-1.57,0.0,0.0,-0.5,0,0.268,0.3,3.0,1.0,1.57,0.0,1.0,3.0,1.0,1.0,0.1,False,2.907236,"flatworm, platyhelminth",471c73d2-be6d-4029-aa65-954f8d3ea183,studioX_Stage.blend,025_mug.blend,classes,0.34888888888888886,1.0466666666666664,-1.57,0.0,0.0,-0.5,0,0.268,0.3,3.0,1.0,1.57,0.0,1.0,3.0,1.0,1.0,0.1
27,False,3.148484,"bucket, pail",4c62c49c-05ae-459a-84b9-9a5817c6fa78,studioX_Stage.blend,025_mug.blend,classes,0.34888888888888886,1.744444444444444,-1.57,0.0,0.0,-0.5,0,0.268,0.3,3.0,1.0,1.57,0.0,1.0,3.0,1.0,1.0,0.1,False,3.3149052,"flatworm, platyhelminth",0b219804-bbcd-4a75-ad85-e1a9fafe7707,studioX_Stage.blend,025_mug.blend,classes,0.34888888888888886,1.744444444444444,-1.57,0.0,0.0,-0.5,0,0.268,0.3,3.0,1.0,1.57,0.0,1.0,3.0,1.0,1.0,0.1
28,False,4.6153593,pencil sharpener,8e9f01c2-d15b-446a-8716-8aed84edf3ca,studioX_Stage.blend,025_mug.blend,classes,0.34888888888888886,2.4422222222222216,-1.57,0.0,0.0,-0.5,0,0.268,0.3,3.0,1.0,1.57,0.0,1.0,3.0,1.0,1.0,0.1,False,3.5619113,"flatworm, platyhelminth",5a07de73-1f1b-4faf-b59b-18485fe3a531,studioX_Stage.blend,025_mug.blend,classes,0.34888888888888886,2.4422222222222216,-1.57,0.0,0.0,-0.5,0,0.268,0.3,3.0,1.0,1.57,0.0,1.0,3.0,1.0,1.0,0.1
29,False,4.2137513,pencil sharpener,1977fb96-1fc1-4d63-942a-7be5c7bd0ac7,studioX_Stage.blend,025_mug.blend,classes,0.34888888888888886,3.14,-1.57,0.0,0.0,-0.5,0,0.268,0.3,3.0,1.0,1.57,0.0,1.0,3.0,1.0,1.0,0.1,False,3.4472268,"flatworm, platyhelminth",3f60fd99-2303-4add-89ef-54c171c2ad3f,studioX_Stage.blend,025_mug.blend,classes,0.34888888888888886,3.14,-1.57,0.0,0.0,-0.5,0,0.268,0.3,3.0,1.0,1.57,0.0,1.0,3.0,1.0,1.0,0.1
30,False,5.5963836,pencil sharpener,1f7cbc5f-0b53-422f-9564-fd3bf6346712,studioX_Stage.blend,025_mug.blend,classes,0.5233333333333333,-3.14,-1.57,0.0,0.0,-0.5,0,0.268,0.3,3.0,1.0,1.57,0.0,1.0,3.0,1.0,1.0,0.1,False,2.1366324,"bucket, pail",774417b4-9bd8-4490-9427-fc554f4f2136,studioX_Stage.blend,025_mug.blend,classes,0.5233333333333333,-3.14,-1.57,0.0,0.0,-0.5,0,0.268,0.3,3.0,1.0,1.57,0.0,1.0,3.0,1.0,1.0,0.1
31,False,6.4012794,"bucket, pail",a08b859f-dc8e-4a3a-a997-890f8990dc9d,studioX_Stage.blend,025_mug.blend,classes,0.5233333333333333,-2.4422222222222225,-1.57,0.0,0.0,-0.5,0,0.268,0.3,3.0,1.0,1.57,0.0,1.0,3.0,1.0,1.0,0.1,False,2.2641473,"bucket, pail",6a062b4e-5e04-4038-9818-be4c88419361,studioX_Stage.blend,025_mug.blend,classes,0.5233333333333333,-2.4422222222222225,-1.57,0.0,0.0,-0.5,0,0.268,0.3,3.0,1.0,1.57,0.0,1.0,3.0,1.0,1.0,0.1
32,False,5.088286,"bucket, pail",3930d135-ebb4-403a-b722-6e8adf2642f1,studioX_Stage.blend,025_mug.blend,classes,0.5233333333333333,-1.7444444444444447,-1.57,0.0,0.0,-0.5,0,0.268,0.3,3.0,1.0,1.57,0.0,1.0,3.0,1.0,1.0,0.1,False,1.5253532,cup,aaa9098d-87b4-419f-a858-c68cd54ebba0,studioX_Stage.blend,025_mug.blend,classes,0.5233333333333333,-1.7444444444444447,-1.57,0.0,0.0,-0.5,0,0.268,0.3,3.0,1.0,1.57,0.0,1.0,3.0,1.0,1.0,0.1
33,False,2.5792987,"bucket, pail",087a11a3-af69-4a5e-aea4-3bf1aadd464a,studioX_Stage.blend,025_mug.blend,classes,0.5233333333333333,-1.0466666666666669,-1.57,0.0,0.0,-0.5,0,0.268,0.3,3.0,1.0,1.57,0.0,1.0,3.0,1.0,1.0,0.1,False,1.6490822,cup,4536d074-8748-48e2-abee-665e18abeadd,studioX_Stage.blend,025_mug.blend,classes,0.5233333333333333,-1.0466666666666669,-1.57,0.0,0.0,-0.5,0,0.268,0.3,3.0,1.0,1.57,0.0,1.0,3.0,1.0,1.0,0.1
34,False,4.1410184,"bucket, pail",ed9f10f4-4a1c-486c-b114-293b6bbc44df,studioX_Stage.blend,025_mug.blend,classes,0.5233333333333333,-0.34888888888888925,-1.57,0.0,0.0,-0.5,0,0.268,0.3,3.0,1.0,1.57,0.0,1.0,3.0,1.0,1.0,0.1,False,2.553144,"bucket, pail",1f5f2615-c570-4c5d-b8ce-3836c7af84a0,studioX_Stage.blend,025_mug.blend,classes,0.5233333333333333,-0.34888888888888925,-1.57,0.0,0.0,-0.5,0,0.268,0.3,3.0,1.0,1.57,0.0,1.0,3.0,1.0,1.0,0.1
35,False,2.8361936,"bucket, pail",d41f43da-d34f-4987-98f3-64fa57b67fc2,studioX_Stage.blend,025_mug.blend,classes,0.5233333333333333,0.34888888888888925,-1.57,0.0,0.0,-0.5,0,0.268,0.3,3.0,1.0,1.57,0.0,1.0,3.0,1.0,1.0,0.1,False,2.5953584,"bucket, pail",819dd701-d8fb-4021-af0f-6d5ff45750a2,studioX_Stage.blend,025_mug.blend,classes,0.5233333333333333,0.34888888888888925,-1.57,0.0,0.0,-0.5,0,0.268,0.3,3.0,1.0,1.57,0.0,1.0,3.0,1.0,1.0,0.1
36,False,1.7817599,"bucket, pail",5bb7d47f-4ca4-486f-8d6f-c333c6677658,studioX_Stage.blend,025_mug.blend,classes,0.5233333333333333,1.0466666666666664,-1.57,0.0,0.0,-0.5,0,0.268,0.3,3.0,1.0,1.57,0.0,1.0,3.0,1.0,1.0,0.1,False,1.7693043,"bucket, pail",68e62ddf-ec72-4c80-b0bd-8ce82912f929,studioX_Stage.blend,025_mug.blend,classes,0.5233333333333333,1.0466666666666664,-1.57,0.0,0.0,-0.5,0,0.268,0.3,3.0,1.0,1.57,0.0,1.0,3.0,1.0,1.0,0.1
37,False,6.8378243,"bucket, pail",56d87a58-4154-4049-91c2-44cfe9571118,studioX_Stage.blend,025_mug.blend,classes,0.5233333333333333,1.744444444444444,-1.57,0.0,0.0,-0.5,0,0.268,0.3,3.0,1.0,1.57,0.0,1.0,3.0,1.0,1.0,0.1,False,2.2978384,"bucket, pail",53fe74a1-99f1-42ed-a35d-153a03f5361c,studioX_Stage.blend,025_mug.blend,classes,0.5233333333333333,1.744444444444444,-1.57,0.0,0.0,-0.5,0,0.268,0.3,3.0,1.0,1.57,0.0,1.0,3.0,1.0,1.0,0.1
38,False,4.477008,pencil sharpener,a3d50bfc-65bd-4b8e-a549-ddcd5b32bc4c,studioX_Stage.blend,025_mug.blend,classes,0.5233333333333333,2.4422222222222216,-1.57,0.0,0.0,-0.5,0,0.268,0.3,3.0,1.0,1.57,0.0,1.0,3.0,1.0,1.0,0.1,False,2.3321252,"bucket, pail",ca46111c-5122-48aa-a5e6-e28600f6ae32,studioX_Stage.blend,025_mug.blend,classes,0.5233333333333333,2.4422222222222216,-1.57,0.0,0.0,-0.5,0,0.268,0.3,3.0,1.0,1.57,0.0,1.0,3.0,1.0,1.0,0.1
39,False,5.5001674,pencil sharpener,502438fa-1f1a-4ebc-a35f-61a765934668,studioX_Stage.blend,025_mug.blend,classes,0.5233333333333333,3.14,-1.57,0.0,0.0,-0.5,0,0.268,0.3,3.0,1.0,1.57,0.0,1.0,3.0,1.0,1.0,0.1,False,2.1387863,"bucket, pail",8a11c068-e2ff-4e6e-a506-722003bc5255,studioX_Stage.blend,025_mug.blend,classes,0.5233333333333333,3.14,-1.57,0.0,0.0,-0.5,0,0.268,0.3,3.0,1.0,1.57,0.0,1.0,3.0,1.0,1.0,0.1
40,False,3.5257182,"bucket, pail",27dd8002-c658-4811-a12b-7e72013ea838,studioX_Stage.blend,025_mug.blend,classes,0.6977777777777777,-3.14,-1.57,0.0,0.0,-0.5,0,0.268,0.3,3.0,1.0,1.57,0.0,1.0,3.0,1.0,1.0,0.1,False,1.8750265,"bucket, pail",c9da588e-6715-41b0-bddb-e6acc780d9bd,studioX_Stage.blend,025_mug.blend,classes,0.6977777777777777,-3.14,-1.57,0.0,0.0,-0.5,0,0.268,0.3,3.0,1.0,1.57,0.0,1.0,3.0,1.0,1.0,0.1
41,False,5.04159,pencil sharpener,f028610d-9df7-4975-a68e-a67c2d20da42,studioX_Stage.blend,025_mug.blend,classes,0.6977777777777777,-2.4422222222222225,-1.57,0.0,0.0,-0.5,0,0.268,0.3,3.0,1.0,1.57,0.0,1.0,3.0,1.0,1.0,0.1,False,1.9069749,"bucket, pail",7ea1ca1a-78a1-42fd-800d-ca0d550c32f1,studioX_Stage.blend,025_mug.blend,classes,0.6977777777777777,-2.4422222222222225,-1.57,0.0,0.0,-0.5,0,0.268,0.3,3.0,1.0,1.57,0.0,1.0,3.0,1.0,1.0,0.1
42,False,2.027438,"bucket, pail",fef2c866-ed7c-4dfe-bf33-2c6eb5dab5ea,studioX_Stage.blend,025_mug.blend,classes,0.6977777777777777,-1.7444444444444447,-1.57,0.0,0.0,-0.5,0,0.268,0.3,3.0,1.0,1.57,0.0,1.0,3.0,1.0,1.0,0.1,False,1.0404444,cup,8b21a842-a502-4434-a73b-a512d463094c,studioX_Stage.blend,025_mug.blend,classes,0.6977777777777777,-1.7444444444444447,-1.57,0.0,0.0,-0.5,0,0.268,0.3,3.0,1.0,1.57,0.0,1.0,3.0,1.0,1.0,0.1
43,True,0.994789,coffee mug,a6dea912-0f77-4b00-9ec9-35ea9524e273,studioX_Stage.blend,025_mug.blend,classes,0.6977777777777777,-1.0466666666666669,-1.57,0.0,0.0,-0.5,0,0.268,0.3,3.0,1.0,1.57,0.0,1.0,3.0,1.0,1.0,0.1,False,1.2135959,cup,0ba2be8a-3e90-45eb-94de-f71f114c3fe9,studioX_Stage.blend,025_mug.blend,classes,0.6977777777777777,-1.0466666666666669,-1.57,0.0,0.0,-0.5,0,0.268,0.3,3.0,1.0,1.57,0.0,1.0,3.0,1.0,1.0,0.1
44,False,3.6952076,"bucket, pail",3e52db1a-0a16-41ec-8846-27ac7ba39c18,studioX_Stage.blend,025_mug.blend,classes,0.6977777777777777,-0.34888888888888925,-1.57,0.0,0.0,-0.5,0,0.268,0.3,3.0,1.0,1.57,0.0,1.0,3.0,1.0,1.0,0.1,False,2.3720546,"bucket, pail",b5158c3c-21f9-4c24-b364-37a9514f3241,studioX_Stage.blend,025_mug.blend,classes,0.6977777777777777,-0.34888888888888925,-1.57,0.0,0.0,-0.5,0,0.268,0.3,3.0,1.0,1.57,0.0,1.0,3.0,1.0,1.0,0.1
45,False,2.84402,"bucket, pail",4e178ce0-d357-4e75-8ed3-cf271e332d60,studioX_Stage.blend,025_mug.blend,classes,0.6977777777777777,0.34888888888888925,-1.57,0.0,0.0,-0.5,0,0.268,0.3,3.0,1.0,1.57,0.0,1.0,3.0,1.0,1.0,0.1,False,2.4841855,"bucket, pail",2167d779-e5f6-4f56-907b-8a8d6b520694,studioX_Stage.blend,025_mug.blend,classes,0.6977777777777777,0.34888888888888925,-1.57,0.0,0.0,-0.5,0,0.268,0.3,3.0,1.0,1.57,0.0,1.0,3.0,1.0,1.0,0.1
46,True,0.8725072,coffee mug,5c954641-80dc-4520-9104-fcd141e2f9a4,studioX_Stage.blend,025_mug.blend,classes,0.6977777777777777,1.0466666666666664,-1.57,0.0,0.0,-0.5,0,0.268,0.3,3.0,1.0,1.57,0.0,1.0,3.0,1.0,1.0,0.1,False,1.2746477,cup,896bbc3d-3351-42ce-bccd-3a198c376f0c,studioX_Stage.blend,025_mug.blend,classes,0.6977777777777777,1.0466666666666664,-1.57,0.0,0.0,-0.5,0,0.268,0.3,3.0,1.0,1.57,0.0,1.0,3.0,1.0,1.0,0.1
47,False,2.7128158,"bucket, pail",97813149-349e-4147-ad44-bf154e97c376,studioX_Stage.blend,025_mug.blend,classes,0.6977777777777777,1.744444444444444,-1.57,0.0,0.0,-0.5,0,0.268,0.3,3.0,1.0,1.57,0.0,1.0,3.0,1.0,1.0,0.1,False,1.5297309,cup,31189014-448f-4c01-ada7-d5a30a6f4391,studioX_Stage.blend,025_mug.blend,classes,0.6977777777777777,1.744444444444444,-1.57,0.0,0.0,-0.5,0,0.268,0.3,3.0,1.0,1.57,0.0,1.0,3.0,1.0,1.0,0.1
48,False,3.571893,"bucket, pail",9c34dace-0f00-4ca4-8f64-bc75afc97c40,studioX_Stage.blend,025_mug.blend,classes,0.6977777777777777,2.4422222222222216,-1.57,0.0,0.0,-0.5,0,0.268,0.3,3.0,1.0,1.57,0.0,1.0,3.0,1.0,1.0,0.1,False,1.9302543,"bucket, pail",e013379f-79e3-48c2-b1dd-83ff12bc1bef,studioX_Stage.blend,025_mug.blend,classes,0.6977777777777777,2.4422222222222216,-1.57,0.0,0.0,-0.5,0,0.268,0.3,3.0,1.0,1.57,0.0,1.0,3.0,1.0,1.0,0.1
49,False,3.4922886,"bucket, pail",50fda0c5-674c-4fd1-b013-480ccd959538,studioX_Stage.blend,025_mug.blend,classes,0.6977777777777777,3.14,-1.57,0.0,0.0,-0.5,0,0.268,0.3,3.0,1.0,1.57,0.0,1.0,3.0,1.0,1.0,0.1,False,1.8734406,"bucket, pail",db09bf12-32a4-4a6b-9949-053268460598,studioX_Stage.blend,025_mug.blend,classes,0.6977777777777777,3.14,-1.57,0.0,0.0,-0.5,0,0.268,0.3,3.0,1.0,1.57,0.0,1.0,3.0,1.0,1.0,0.1
50,False,4.424055,"bucket, pail",163432a1-0e91-4185-8b7c-a65cdd911d25,studioX_Stage.blend,025_mug.blend,classes,0.8722222222222223,-3.14,-1.57,0.0,0.0,-0.5,0,0.268,0.3,3.0,1.0,1.57,0.0,1.0,3.0,1.0,1.0,0.1,False,2.2316246,"bucket, pail",9c33a8ea-d824-4960-a320-466c9a83db2c,studioX_Stage.blend,025_mug.blend,classes,0.8722222222222223,-3.14,-1.57,0.0,0.0,-0.5,0,0.268,0.3,3.0,1.0,1.57,0.0,1.0,3.0,1.0,1.0,0.1
51,False,5.478676,"bucket, pail",d4ec1d5a-59dd-4da2-9af2-8bd587878ae5,studioX_Stage.blend,025_mug.blend,classes,0.8722222222222223,-2.4422222222222225,-1.57,0.0,0.0,-0.5,0,0.268,0.3,3.0,1.0,1.57,0.0,1.0,3.0,1.0,1.0,0.1,False,2.1982944,"bucket, pail",05f58dab-badd-4c81-abaf-2e6ebc64b70a,studioX_Stage.blend,025_mug.blend,classes,0.8722222222222223,-2.4422222222222225,-1.57,0.0,0.0,-0.5,0,0.268,0.3,3.0,1.0,1.57,0.0,1.0,3.0,1.0,1.0,0.1
52,False,1.202339,cup,b90b5714-ee5e-49df-84ac-851c815df6a9,studioX_Stage.blend,025_mug.blend,classes,0.8722222222222223,-1.7444444444444447,-1.57,0.0,0.0,-0.5,0,0.268,0.3,3.0,1.0,1.57,0.0,1.0,3.0,1.0,1.0,0.1,False,0.8494469,cup,c5f42452-5adb-41ff-a551-e2ac024c51aa,studioX_Stage.blend,025_mug.blend,classes,0.8722222222222223,-1.7444444444444447,-1.57,0.0,0.0,-0.5,0,0.268,0.3,3.0,1.0,1.57,0.0,1.0,3.0,1.0,1.0,0.1
53,True,1.0701823,coffee mug,ddfe207f-79cb-45a7-827d-fbff029275fd,studioX_Stage.blend,025_mug.blend,classes,0.8722222222222223,-1.0466666666666669,-1.57,0.0,0.0,-0.5,0,0.268,0.3,3.0,1.0,1.57,0.0,1.0,3.0,1.0,1.0,0.1,False,1.0133021,cup,8f8fa320-0d91-4fb0-bda9-60b07c6938f7,studioX_Stage.blend,025_mug.blend,classes,0.8722222222222223,-1.0466666666666669,-1.57,0.0,0.0,-0.5,0,0.268,0.3,3.0,1.0,1.57,0.0,1.0,3.0,1.0,1.0,0.1
54,False,2.726985,"bucket, pail",ecdd5f27-cb73-42af-93d1-967e07863408,studioX_Stage.blend,025_mug.blend,classes,0.8722222222222223,-0.34888888888888925,-1.57,0.0,0.0,-0.5,0,0.268,0.3,3.0,1.0,1.57,0.0,1.0,3.0,1.0,1.0,0.1,False,2.2314708,"bucket, pail",14f92a80-8fff-45a9-8214-616bebb025bd,studioX_Stage.blend,025_mug.blend,classes,0.8722222222222223,-0.34888888888888925,-1.57,0.0,0.0,-0.5,0,0.268,0.3,3.0,1.0,1.57,0.0,1.0,3.0,1.0,1.0,0.1
55,False,2.615179,"bucket, pail",6ebcbe3f-ffd2-4c90-abe1-53c8bab8609c,studioX_Stage.blend,025_mug.blend,classes,0.8722222222222223,0.34888888888888925,-1.57,0.0,0.0,-0.5,0,0.268,0.3,3.0,1.0,1.57,0.0,1.0,3.0,1.0,1.0,0.1,False,2.3780558,"bucket, pail",23b50c85-6c8d-4bd4-aa76-aed7cc2ce55c,studioX_Stage.blend,025_mug.blend,classes,0.8722222222222223,0.34888888888888925,-1.57,0.0,0.0,-0.5,0,0.268,0.3,3.0,1.0,1.57,0.0,1.0,3.0,1.0,1.0,0.1
56,True,1.0108507,coffee mug,06cd880a-94ec-4752-8f25-5e129bb2878c,studioX_Stage.blend,025_mug.blend,classes,0.8722222222222223,1.0466666666666664,-1.57,0.0,0.0,-0.5,0,0.268,0.3,3.0,1.0,1.57,0.0,1.0,3.0,1.0,1.0,0.1,False,1.0840946,cup,8c6cae04-4f7f-4b25-bf57-dbfa05c0990f,studioX_Stage.blend,025_mug.blend,classes,0.8722222222222223,1.0466666666666664,-1.57,0.0,0.0,-0.5,0,0.268,0.3,3.0,1.0,1.57,0.0,1.0,3.0,1.0,1.0,0.1
57,False,2.0743806,"bucket, pail",1c0f4951-edfb-4e2e-a55c-6e9f2d38e18c,studioX_Stage.blend,025_mug.blend,classes,0.8722222222222223,1.744444444444444,-1.57,0.0,0.0,-0.5,0,0.268,0.3,3.0,1.0,1.57,0.0,1.0,3.0,1.0,1.0,0.1,False,1.1219995,cup,95efc2a9-8b58-4134-bd62-1af088ee1e0b,studioX_Stage.blend,025_mug.blend,classes,0.8722222222222223,1.744444444444444,-1.57,0.0,0.0,-0.5,0,0.268,0.3,3.0,1.0,1.57,0.0,1.0,3.0,1.0,1.0,0.1
58,False,5.3334603,"bucket, pail",d9b317a1-0e4c-496c-9aad-4deedf119e3e,studioX_Stage.blend,025_mug.blend,classes,0.8722222222222223,2.4422222222222216,-1.57,0.0,0.0,-0.5,0,0.268,0.3,3.0,1.0,1.57,0.0,1.0,3.0,1.0,1.0,0.1,False,2.2287529,"bucket, pail",f18f6788-00c0-40bc-87b4-9df7723c1954,studioX_Stage.blend,025_mug.blend,classes,0.8722222222222223,2.4422222222222216,-1.57,0.0,0.0,-0.5,0,0.268,0.3,3.0,1.0,1.57,0.0,1.0,3.0,1.0,1.0,0.1
59,False,4.668418,"bucket, pail",68321a09-f6d8-4758-9a48-a3ab6bea9a16,studioX_Stage.blend,025_mug.blend,classes,0.8722222222222223,3.14,-1.57,0.0,0.0,-0.5,0,0.268,0.3,3.0,1.0,1.57,0.0,1.0,3.0,1.0,1.0,0.1,False,2.2425265,"bucket, pail",b3f322a6-2c84-4fd4-aac7-c0632e9c3796,studioX_Stage.blend,025_mug.blend,classes,0.8722222222222223,3.14,-1.57,0.0,0.0,-0.5,0,0.268,0.3,3.0,1.0,1.57,0.0,1.0,3.0,1.0,1.0,0.1
60,False,4.8673096,"bucket, pail",ec3829e4-43f6-40a7-9abe-986f13a73722,studioX_Stage.blend,025_mug.blend,classes,1.0466666666666666,-3.14,-1.57,0.0,0.0,-0.5,0,0.268,0.3,3.0,1.0,1.57,0.0,1.0,3.0,1.0,1.0,0.1,False,2.4680905,"bucket, pail",0efd531b-8044-4534-83e3-4009b082aa78,studioX_Stage.blend,025_mug.blend,classes,1.0466666666666666,-3.14,-1.57,0.0,0.0,-0.5,0,0.268,0.3,3.0,1.0,1.57,0.0,1.0,3.0,1.0,1.0,0.1
61,False,6.2995024,"bucket, pail",c4b10cd0-9915-44bb-a8ed-fa1b03776787,studioX_Stage.blend,025_mug.blend,classes,1.0466666666666666,-2.4422222222222225,-1.57,0.0,0.0,-0.5,0,0.268,0.3,3.0,1.0,1.57,0.0,1.0,3.0,1.0,1.0,0.1,False,2.1687107,"bucket, pail",0098b3d3-5606-44c0-b5c0-b0e6daf2ac82,studioX_Stage.blend,025_mug.blend,classes,1.0466666666666666,-2.4422222222222225,-1.57,0.0,0.0,-0.5,0,0.268,0.3,3.0,1.0,1.57,0.0,1.0,3.0,1.0,1.0,0.1
62,False,1.4662951,cup,01ccb810-7961-4060-988a-05407085be89,studioX_Stage.blend,025_mug.blend,classes,1.0466666666666666,-1.7444444444444447,-1.57,0.0,0.0,-0.5,0,0.268,0.3,3.0,1.0,1.57,0.0,1.0,3.0,1.0,1.0,0.1,True,0.74377316,coffee mug,760f788b-607d-48d4-81de-13b76122ba71,studioX_Stage.blend,025_mug.blend,classes,1.0466666666666666,-1.7444444444444447,-1.57,0.0,0.0,-0.5,0,0.268,0.3,3.0,1.0,1.57,0.0,1.0,3.0,1.0,1.0,0.1
63,False,1.3750598,cup,6884969e-ff3a-4a1e-bcb4-248a2b57a073,studioX_Stage.blend,025_mug.blend,classes,1.0466666666666666,-1.0466666666666669,-1.57,0.0,0.0,-0.5,0,0.268,0.3,3.0,1.0,1.57,0.0,1.0,3.0,1.0,1.0,0.1,False,0.85438526,cup,6ab175ea-e20c-48e1-b5cd-3022d4203d24,studioX_Stage.blend,025_mug.blend,classes,1.0466666666666666,-1.0466666666666669,-1.57,0.0,0.0,-0.5,0,0.268,0.3,3.0,1.0,1.57,0.0,1.0,3.0,1.0,1.0,0.1
64,False,3.4033356,"bucket, pail",72f578cb-3998-410f-af4c-8667a1cd923d,studioX_Stage.blend,025_mug.blend,classes,1.0466666666666666,-0.34888888888888925,-1.57,0.0,0.0,-0.5,0,0.268,0.3,3.0,1.0,1.57,0.0,1.0,3.0,1.0,1.0,0.1,False,2.4568887,"bucket, pail",b801fa3f-2351-4630-8035-8523edfaa4f7,studioX_Stage.blend,025_mug.blend,classes,1.0466666666666666,-0.34888888888888925,-1.57,0.0,0.0,-0.5,0,0.268,0.3,3.0,1.0,1.57,0.0,1.0,3.0,1.0,1.0,0.1
65,False,3.2593908,"bucket, pail",cab60938-449a-424a-aa4d-74232abdc6cd,studioX_Stage.blend,025_mug.blend,classes,1.0466666666666666,0.34888888888888925,-1.57,0.0,0.0,-0.5,0,0.268,0.3,3.0,1.0,1.57,0.0,1.0,3.0,1.0,1.0,0.1,False,2.651399,"bucket, pail",89e64566-1e69-4b53-93cb-1303c31b7716,studioX_Stage.blend,025_mug.blend,classes,1.0466666666666666,0.34888888888888925,-1.57,0.0,0.0,-0.5,0,0.268,0.3,3.0,1.0,1.57,0.0,1.0,3.0,1.0,1.0,0.1
66,True,1.4510511,coffee mug,95830190-f958-4097-9aa6-6afa8ee21fdd,studioX_Stage.blend,025_mug.blend,classes,1.0466666666666666,1.0466666666666664,-1.57,0.0,0.0,-0.5,0,0.268,0.3,3.0,1.0,1.57,0.0,1.0,3.0,1.0,1.0,0.1,False,0.94037765,cup,2cd37235-50f0-4ecf-acb9-3cf3b866a44e,studioX_Stage.blend,025_mug.blend,classes,1.0466666666666666,1.0466666666666664,-1.57,0.0,0.0,-0.5,0,0.268,0.3,3.0,1.0,1.57,0.0,1.0,3.0,1.0,1.0,0.1
67,False,1.4999498,"bucket, pail",761ad8d5-7f15-4ce1-a15c-822e27d07e42,studioX_Stage.blend,025_mug.blend,classes,1.0466666666666666,1.744444444444444,-1.57,0.0,0.0,-0.5,0,0.268,0.3,3.0,1.0,1.57,0.0,1.0,3.0,1.0,1.0,0.1,False,0.92641366,cup,ffe36fa9-3f7f-490b-92ee-675ffa9bf71f,studioX_Stage.blend,025_mug.blend,classes,1.0466666666666666,1.744444444444444,-1.57,0.0,0.0,-0.5,0,0.268,0.3,3.0,1.0,1.57,0.0,1.0,3.0,1.0,1.0,0.1
68,False,5.2742,"bucket, pail",8dd06070-589b-4644-a955-1a3201d4acb1,studioX_Stage.blend,025_mug.blend,classes,1.0466666666666666,2.4422222222222216,-1.57,0.0,0.0,-0.5,0,0.268,0.3,3.0,1.0,1.57,0.0,1.0,3.0,1.0,1.0,0.1,False,2.1625953,"bucket, pail",d4ed0b83-12bb-4c29-83cd-3e011b227433,studioX_Stage.blend,025_mug.blend,classes,1.0466666666666666,2.4422222222222216,-1.57,0.0,0.0,-0.5,0,0.268,0.3,3.0,1.0,1.57,0.0,1.0,3.0,1.0,1.0,0.1
69,False,5.1811886,"bucket, pail",897b49d5-b24e-4d87-a432-c904b7e11b31,studioX_Stage.blend,025_mug.blend,classes,1.0466666666666666,3.14,-1.57,0.0,0.0,-0.5,0,0.268,0.3,3.0,1.0,1.57,0.0,1.0,3.0,1.0,1.0,0.1,False,2.4665978,"bucket, pail",de979557-1387-4d8d-92f6-7c65afd7aa7d,studioX_Stage.blend,025_mug.blend,classes,1.0466666666666666,3.14,-1.57,0.0,0.0,-0.5,0,0.268,0.3,3.0,1.0,1.57,0.0,1.0,3.0,1.0,1.0,0.1
70,False,8.676579,"bucket, pail",90fff207-5191-415f-afbc-5313bc4dc3b6,studioX_Stage.blend,025_mug.blend,classes,1.221111111111111,-3.14,-1.57,0.0,0.0,-0.5,0,0.268,0.3,3.0,1.0,1.57,0.0,1.0,3.0,1.0,1.0,0.1,False,3.2860322,"bucket, pail",8dad3ec5-a953-4af2-b97d-0b72b98f37d6,studioX_Stage.blend,025_mug.blend,classes,1.221111111111111,-3.14,-1.57,0.0,0.0,-0.5,0,0.268,0.3,3.0,1.0,1.57,0.0,1.0,3.0,1.0,1.0,0.1
71,False,4.219061,"bucket, pail",7303a8d0-d9d3-47ce-aedf-c18e3e3522ce,studioX_Stage.blend,025_mug.blend,classes,1.221111111111111,-2.4422222222222225,-1.57,0.0,0.0,-0.5,0,0.268,0.3,3.0,1.0,1.57,0.0,1.0,3.0,1.0,1.0,0.1,False,2.5553455,"bucket, pail",f98a3d47-ff10-41e6-b225-c2bda2354224,studioX_Stage.blend,025_mug.blend,classes,1.221111111111111,-2.4422222222222225,-1.57,0.0,0.0,-0.5,0,0.268,0.3,3.0,1.0,1.57,0.0,1.0,3.0,1.0,1.0,0.1
72,True,0.89081496,coffee mug,97cbdae3-2ed1-4466-b3a6-cdd9c043c66f,studioX_Stage.blend,025_mug.blend,classes,1.221111111111111,-1.7444444444444447,-1.57,0.0,0.0,-0.5,0,0.268,0.3,3.0,1.0,1.57,0.0,1.0,3.0,1.0,1.0,0.1,False,0.99874,cup,1e6b778f-a8c0-4626-baf8-63707c280385,studioX_Stage.blend,025_mug.blend,classes,1.221111111111111,-1.7444444444444447,-1.57,0.0,0.0,-0.5,0,0.268,0.3,3.0,1.0,1.57,0.0,1.0,3.0,1.0,1.0,0.1
73,True,0.68571407,coffee mug,b3242c31-31cc-4111-9a2a-a1bc97103f5e,studioX_Stage.blend,025_mug.blend,classes,1.221111111111111,-1.0466666666666669,-1.57,0.0,0.0,-0.5,0,0.268,0.3,3.0,1.0,1.57,0.0,1.0,3.0,1.0,1.0,0.1,False,0.98434305,cup,fb1db1d8-bbd7-4f6c-a9bd-a2ada818d03b,studioX_Stage.blend,025_mug.blend,classes,1.221111111111111,-1.0466666666666669,-1.57,0.0,0.0,-0.5,0,0.268,0.3,3.0,1.0,1.57,0.0,1.0,3.0,1.0,1.0,0.1
74,False,5.871106,"bucket, pail",80a93d6a-00e1-4489-b997-c0fce123f03d,studioX_Stage.blend,025_mug.blend,classes,1.221111111111111,-0.34888888888888925,-1.57,0.0,0.0,-0.5,0,0.268,0.3,3.0,1.0,1.57,0.0,1.0,3.0,1.0,1.0,0.1,False,3.1655169,"bucket, pail",6a91d91e-54b4-4547-bbe1-ccb68a16b334,studioX_Stage.blend,025_mug.blend,classes,1.221111111111111,-0.34888888888888925,-1.57,0.0,0.0,-0.5,0,0.268,0.3,3.0,1.0,1.57,0.0,1.0,3.0,1.0,1.0,0.1
75,False,4.7677526,"bucket, pail",b13117a1-10ac-4d1a-b1a5-dd1e9c31ec5b,studioX_Stage.blend,025_mug.blend,classes,1.221111111111111,0.34888888888888925,-1.57,0.0,0.0,-0.5,0,0.268,0.3,3.0,1.0,1.57,0.0,1.0,3.0,1.0,1.0,0.1,False,3.307801,"bucket, pail",2a7ad9b7-fbae-4322-aeb0-774b27933bd3,studioX_Stage.blend,025_mug.blend,classes,1.221111111111111,0.34888888888888925,-1.57,0.0,0.0,-0.5,0,0.268,0.3,3.0,1.0,1.57,0.0,1.0,3.0,1.0,1.0,0.1
76,False,1.6405382,cup,0b7825b6-48bc-404f-8d1d-32d2630f0813,studioX_Stage.blend,025_mug.blend,classes,1.221111111111111,1.0466666666666664,-1.57,0.0,0.0,-0.5,0,0.268,0.3,3.0,1.0,1.57,0.0,1.0,3.0,1.0,1.0,0.1,False,1.0482947,cup,bb118936-6701-47d6-be01-35a9f1f748d5,studioX_Stage.blend,025_mug.blend,classes,1.221111111111111,1.0466666666666664,-1.57,0.0,0.0,-0.5,0,0.268,0.3,3.0,1.0,1.57,0.0,1.0,3.0,1.0,1.0,0.1
77,False,2.0872846,"bucket, pail",2a413d9d-ed28-441f-b264-feb8c5b65f75,studioX_Stage.blend,025_mug.blend,classes,1.221111111111111,1.744444444444444,-1.57,0.0,0.0,-0.5,0,0.268,0.3,3.0,1.0,1.57,0.0,1.0,3.0,1.0,1.0,0.1,False,1.2252457,cup,b1e1f623-1e1e-4ba7-bf45-b62f8d8df891,studioX_Stage.blend,025_mug.blend,classes,1.221111111111111,1.744444444444444,-1.57,0.0,0.0,-0.5,0,0.268,0.3,3.0,1.0,1.57,0.0,1.0,3.0,1.0,1.0,0.1
78,False,7.3781686,"bucket, pail",397e403f-00eb-428b-85e8-96be352ba864,studioX_Stage.blend,025_mug.blend,classes,1.221111111111111,2.4422222222222216,-1.57,0.0,0.0,-0.5,0,0.268,0.3,3.0,1.0,1.57,0.0,1.0,3.0,1.0,1.0,0.1,False,2.6931877,"ashcan, trash can, garbage can, wastebin, ash bin, ash-bin, ashbin, dustbin, trash barrel, trash bin",c8ea512f-8499-499e-bc8e-0c9cb92b0c49,studioX_Stage.blend,025_mug.blend,classes,1.221111111111111,2.4422222222222216,-1.57,0.0,0.0,-0.5,0,0.268,0.3,3.0,1.0,1.57,0.0,1.0,3.0,1.0,1.0,0.1
79,False,8.758629,"bucket, pail",9a9f5830-ec9e-4e47-ae66-ec00191e86ec,studioX_Stage.blend,025_mug.blend,classes,1.221111111111111,3.14,-1.57,0.0,0.0,-0.5,0,0.268,0.3,3.0,1.0,1.57,0.0,1.0,3.0,1.0,1.0,0.1,False,3.305314,"bucket, pail",0b114582-a262-4a67-a703-158be227562c,studioX_Stage.blend,025_mug.blend,classes,1.221111111111111,3.14,-1.57,0.0,0.0,-0.5,0,0.268,0.3,3.0,1.0,1.57,0.0,1.0,3.0,1.0,1.0,0.1
80,False,7.9789767,"bucket, pail",03e1230b-d9ef-4601-b700-a21b4686eb22,studioX_Stage.blend,025_mug.blend,classes,1.3955555555555554,-3.14,-1.57,0.0,0.0,-0.5,0,0.268,0.3,3.0,1.0,1.57,0.0,1.0,3.0,1.0,1.0,0.1,False,3.4265776,pencil sharpener,0db19d74-3e59-4038-a008-11c730a9f520,studioX_Stage.blend,025_mug.blend,classes,1.3955555555555554,-3.14,-1.57,0.0,0.0,-0.5,0,0.268,0.3,3.0,1.0,1.57,0.0,1.0,3.0,1.0,1.0,0.1
81,False,8.054633,"bucket, pail",5425b66e-7295-4b03-b5ca-4e4d2586b89e,studioX_Stage.blend,025_mug.blend,classes,1.3955555555555554,-2.4422222222222225,-1.57,0.0,0.0,-0.5,0,0.268,0.3,3.0,1.0,1.57,0.0,1.0,3.0,1.0,1.0,0.1,False,3.1860847,pencil sharpener,d8d9690d-f7fa-4e17-b884-02c45914ae09,studioX_Stage.blend,025_mug.blend,classes,1.3955555555555554,-2.4422222222222225,-1.57,0.0,0.0,-0.5,0,0.268,0.3,3.0,1.0,1.57,0.0,1.0,3.0,1.0,1.0,0.1
82,True,0.92170244,coffee mug,3c3a1235-a616-4e13-bdc1-bc9c00a27189,studioX_Stage.blend,025_mug.blend,classes,1.3955555555555554,-1.7444444444444447,-1.57,0.0,0.0,-0.5,0,0.268,0.3,3.0,1.0,1.57,0.0,1.0,3.0,1.0,1.0,0.1,False,0.94229364,cup,92f562d9-5b21-4a40-bdb2-8f0c6b355873,studioX_Stage.blend,025_mug.blend,classes,1.3955555555555554,-1.7444444444444447,-1.57,0.0,0.0,-0.5,0,0.268,0.3,3.0,1.0,1.57,0.0,1.0,3.0,1.0,1.0,0.1
83,True,0.88998014,coffee mug,7c24383d-c318-4fa0-b63f-cc219238a892,studioX_Stage.blend,025_mug.blend,classes,1.3955555555555554,-1.0466666666666669,-1.57,0.0,0.0,-0.5,0,0.268,0.3,3.0,1.0,1.57,0.0,1.0,3.0,1.0,1.0,0.1,False,1.0198666,cup,11c94368-d32f-4147-b5d4-b62aa003a76a,studioX_Stage.blend,025_mug.blend,classes,1.3955555555555554,-1.0466666666666669,-1.57,0.0,0.0,-0.5,0,0.268,0.3,3.0,1.0,1.57,0.0,1.0,3.0,1.0,1.0,0.1
84,False,5.823409,"bucket, pail",edc1b454-3f56-43ff-8221-3cd8c2da6aff,studioX_Stage.blend,025_mug.blend,classes,1.3955555555555554,-0.34888888888888925,-1.57,0.0,0.0,-0.5,0,0.268,0.3,3.0,1.0,1.57,0.0,1.0,3.0,1.0,1.0,0.1,False,6.014871,"mailbox, letter box",7ee7ab09-6107-4888-acd1-d0e39ac5bb33,studioX_Stage.blend,025_mug.blend,classes,1.3955555555555554,-0.34888888888888925,-1.57,0.0,0.0,-0.5,0,0.268,0.3,3.0,1.0,1.57,0.0,1.0,3.0,1.0,1.0,0.1
85,False,4.5819974,"bucket, pail",5a3a319a-5b4b-4ae0-b67d-ca3aa3489007,studioX_Stage.blend,025_mug.blend,classes,1.3955555555555554,0.34888888888888925,-1.57,0.0,0.0,-0.5,0,0.268,0.3,3.0,1.0,1.57,0.0,1.0,3.0,1.0,1.0,0.1,False,6.2102094,"mailbox, letter box",f670116d-13f2-46a1-a764-3f5fc37be208,studioX_Stage.blend,025_mug.blend,classes,1.3955555555555554,0.34888888888888925,-1.57,0.0,0.0,-0.5,0,0.268,0.3,3.0,1.0,1.57,0.0,1.0,3.0,1.0,1.0,0.1
86,True,1.1794244,coffee mug,c21e31f5-fd70-4c65-997c-d4f0613fd572,studioX_Stage.blend,025_mug.blend,classes,1.3955555555555554,1.0466666666666664,-1.57,0.0,0.0,-0.5,0,0.268,0.3,3.0,1.0,1.57,0.0,1.0,3.0,1.0,1.0,0.1,False,1.1751298,cup,8ce1c2fc-ed42-4325-93a6-9034cd8914bd,studioX_Stage.blend,025_mug.blend,classes,1.3955555555555554,1.0466666666666664,-1.57,0.0,0.0,-0.5,0,0.268,0.3,3.0,1.0,1.57,0.0,1.0,3.0,1.0,1.0,0.1
87,False,1.0827522,"bucket, pail",c7179789-f4d2-44ba-8770-439e8a37264b,studioX_Stage.blend,025_mug.blend,classes,1.3955555555555554,1.744444444444444,-1.57,0.0,0.0,-0.5,0,0.268,0.3,3.0,1.0,1.57,0.0,1.0,3.0,1.0,1.0,0.1,False,1.0481867,cup,de80527c-7ae8-428b-99bd-d95244566382,studioX_Stage.blend,025_mug.blend,classes,1.3955555555555554,1.744444444444444,-1.57,0.0,0.0,-0.5,0,0.268,0.3,3.0,1.0,1.57,0.0,1.0,3.0,1.0,1.0,0.1
88,False,7.44445,"bucket, pail",9e71b7d5-ac42-4e54-9671-506d690d7aee,studioX_Stage.blend,025_mug.blend,classes,1.3955555555555554,2.4422222222222216,-1.57,0.0,0.0,-0.5,0,0.268,0.3,3.0,1.0,1.57,0.0,1.0,3.0,1.0,1.0,0.1,False,3.6906214,pencil sharpener,08d7668b-0d6c-456b-a624-2288df42ae40,studioX_Stage.blend,025_mug.blend,classes,1.3955555555555554,2.4422222222222216,-1.57,0.0,0.0,-0.5,0,0.268,0.3,3.0,1.0,1.57,0.0,1.0,3.0,1.0,1.0,0.1
89,False,8.083761,"bucket, pail",9662f152-5ed2-44fb-b1c1-193b55d96db4,studioX_Stage.blend,025_mug.blend,classes,1.3955555555555554,3.14,-1.57,0.0,0.0,-0.5,0,0.268,0.3,3.0,1.0,1.57,0.0,1.0,3.0,1.0,1.0,0.1,False,3.425267,pencil sharpener,207d50c9-0db5-41ff-a9d4-8462fc22c1be,studioX_Stage.blend,025_mug.blend,classes,1.3955555555555554,3.14,-1.57,0.0,0.0,-0.5,0,0.268,0.3,3.0,1.0,1.57,0.0,1.0,3.0,1.0,1.0,0.1
90,False,5.996102,"bucket, pail",b892a4ca-b319-49d9-a3a8-01224f96edcf,studioX_Stage.blend,025_mug.blend,classes,1.57,-3.14,-1.57,0.0,0.0,-0.5,0,0.268,0.3,3.0,1.0,1.57,0.0,1.0,3.0,1.0,1.0,0.1,False,3.5043652,pencil sharpener,00b57045-976e-4462-8d12-dab72dc2490e,studioX_Stage.blend,025_mug.blend,classes,1.57,-3.14,-1.57,0.0,0.0,-0.5,0,0.268,0.3,3.0,1.0,1.57,0.0,1.0,3.0,1.0,1.0,0.1
91,False,6.0222673,"bucket, pail",bb5d226b-e283-4b04-9b87-536e9c1662cb,studioX_Stage.blend,025_mug.blend,classes,1.57,-2.4422222222222225,-1.57,0.0,0.0,-0.5,0,0.268,0.3,3.0,1.0,1.57,0.0,1.0,3.0,1.0,1.0,0.1,False,3.392061,"bucket, pail",dca01d97-9611-4bc5-8d8d-148c68d0ccdd,studioX_Stage.blend,025_mug.blend,classes,1.57,-2.4422222222222225,-1.57,0.0,0.0,-0.5,0,0.268,0.3,3.0,1.0,1.57,0.0,1.0,3.0,1.0,1.0,0.1
92,True,0.9096506,coffee mug,cbdede23-45a4-4f61-b255-13fa531ad405,studioX_Stage.blend,025_mug.blend,classes,1.57,-1.7444444444444447,-1.57,0.0,0.0,-0.5,0,0.268,0.3,3.0,1.0,1.57,0.0,1.0,3.0,1.0,1.0,0.1,False,0.8175306,cup,d7e021fe-1ce0-459c-843f-c32e877ae3a6,studioX_Stage.blend,025_mug.blend,classes,1.57,-1.7444444444444447,-1.57,0.0,0.0,-0.5,0,0.268,0.3,3.0,1.0,1.57,0.0,1.0,3.0,1.0,1.0,0.1
93,True,0.8299103,coffee mug,e14389e4-5e05-41db-9dd7-e1c52e002c79,studioX_Stage.blend,025_mug.blend,classes,1.57,-1.0466666666666669,-1.57,0.0,0.0,-0.5,0,0.268,0.3,3.0,1.0,1.57,0.0,1.0,3.0,1.0,1.0,0.1,True,0.8070194,coffee mug,fabcb33a-868a-4648-b629-bc82f8e76c60,studioX_Stage.blend,025_mug.blend,classes,1.57,-1.0466666666666669,-1.57,0.0,0.0,-0.5,0,0.268,0.3,3.0,1.0,1.57,0.0,1.0,3.0,1.0,1.0,0.1
94,False,4.2143683,"bucket, pail",aa4d90fe-705a-4202-9968-8f53b8cf44c6,studioX_Stage.blend,025_mug.blend,classes,1.57,-0.34888888888888925,-1.57,0.0,0.0,-0.5,0,0.268,0.3,3.0,1.0,1.57,0.0,1.0,3.0,1.0,1.0,0.1,False,5.4947805,"mailbox, letter box",17360844-fba6-499e-bbc7-ae0eb2fe462d,studioX_Stage.blend,025_mug.blend,classes,1.57,-0.34888888888888925,-1.57,0.0,0.0,-0.5,0,0.268,0.3,3.0,1.0,1.57,0.0,1.0,3.0,1.0,1.0,0.1
95,False,3.9504418,"bucket, pail",edd4832d-66d0-4d89-ab11-9eaba9132480,studioX_Stage.blend,025_mug.blend,classes,1.57,0.34888888888888925,-1.57,0.0,0.0,-0.5,0,0.268,0.3,3.0,1.0,1.57,0.0,1.0,3.0,1.0,1.0,0.1,False,5.541117,"mailbox, letter box",ed64051d-688d-480b-b254-eca44c97ac4e,studioX_Stage.blend,025_mug.blend,classes,1.57,0.34888888888888925,-1.57,0.0,0.0,-0.5,0,0.268,0.3,3.0,1.0,1.57,0.0,1.0,3.0,1.0,1.0,0.1
96,True,1.351675,coffee mug,6af25ebf-95b4-4c51-9c76-05cd0b35c6a2,studioX_Stage.blend,025_mug.blend,classes,1.57,1.0466666666666664,-1.57,0.0,0.0,-0.5,0,0.268,0.3,3.0,1.0,1.57,0.0,1.0,3.0,1.0,1.0,0.1,False,1.035075,cup,89c0ec5c-9ff9-4a0d-af10-da3d3e52832b,studioX_Stage.blend,025_mug.blend,classes,1.57,1.0466666666666664,-1.57,0.0,0.0,-0.5,0,0.268,0.3,3.0,1.0,1.57,0.0,1.0,3.0,1.0,1.0,0.1
97,True,0.66188943,coffee mug,2988ac6a-1c09-48a2-8942-e9c2c4f9db89,studioX_Stage.blend,025_mug.blend,classes,1.57,1.744444444444444,-1.57,0.0,0.0,-0.5,0,0.268,0.3,3.0,1.0,1.57,0.0,1.0,3.0,1.0,1.0,0.1,False,1.0203592,cup,18347c78-7126-41bb-965d-ee5c2fa9d837,studioX_Stage.blend,025_mug.blend,classes,1.57,1.744444444444444,-1.57,0.0,0.0,-0.5,0,0.268,0.3,3.0,1.0,1.57,0.0,1.0,3.0,1.0,1.0,0.1
98,False,5.567041,"bucket, pail",2bbb2868-6502-457d-ac1d-dfad73802515,studioX_Stage.blend,025_mug.blend,classes,1.57,2.4422222222222216,-1.57,0.0,0.0,-0.5,0,0.268,0.3,3.0,1.0,1.57,0.0,1.0,3.0,1.0,1.0,0.1,False,3.6553628,pencil sharpener,cc4490a3-15d7-4a71-a9e1-2e6f13cdb7e2,studioX_Stage.blend,025_mug.blend,classes,1.57,2.4422222222222216,-1.57,0.0,0.0,-0.5,0,0.268,0.3,3.0,1.0,1.57,0.0,1.0,3.0,1.0,1.0,0.1
99,False,6.241926,"bucket, pail",383c42f2-96d1-4852-abed-dc5b0af26a31,studioX_Stage.blend,025_mug.blend,classes,1.57,3.14,-1.57,0.0,0.0,-0.5,0,0.268,0.3,3.0,1.0,1.57,0.0,1.0,3.0,1.0,1.0,0.1,False,3.5149016,pencil sharpener,546af766-c3d0-40cc-8ba8-bccb446f4870,studioX_Stage.blend,025_mug.blend,classes,1.57,3.14,-1.57,0.0,0.0,-0.5,0,0.268,0.3,3.0,1.0,1.57,0.0,1.0,3.0,1.0,1.0,0.1
