,OrbitingCameraControl.object_x,OrbitingCameraControl.object_y,OrbitingCameraControl.object_z,OrbitingCameraControl.phi,OrbitingCameraControl.radius,OrbitingCameraControl.theta,OrientationControl.rotation_x,OrientationControl.rotation_y,OrientationControl.rotation_z,SunControl.air,SunControl.altitude,SunControl.background_strength,SunControl.dust,SunControl.elevation,SunControl.intensity,SunControl.ozone,SunControl.rotation,SunControl.size,environment,id_l2_3_0,id_linf_4,id_linf_8,id_non_rob,is_correct_l2_3_0,is_correct_linf_4,is_correct_linf_8,is_correct_non_rob,loss_l2_3_0,loss_linf_4,loss_linf_8,loss_non_rob,model,output_type,prediction_l2_3_0,prediction_linf_4,prediction_linf_8,prediction_non_rob
0,-0.5,0,0.253,0.0,0.3,-3.14,0.0,0.0,0.0,3.0,1.0,0.1,1.0,1.57,1.0,1.0,0.0,3.0,studioX_Stage.blend,21732587-e87b-4af4-9aa4-6b1909343a15,84d84631-9555-4517-b3b8-2eee787f10c1,f1bc1fe7-05f0-4072-8056-53aeafb17232,709c6b6d-9966-407a-bafa-b335d28a428e,False,False,False,False,6.001697,5.7811823,5.740697,2.0093327,cup.blend,classes,sea urchin,bib,bib,pill bottle
1,-0.5,0,0.253,0.0,0.3,-2.4422222222222225,0.0,0.0,0.0,3.0,1.0,0.1,1.0,1.57,1.0,1.0,0.0,3.0,studioX_Stage.blend,ba82b22f-cc24-46a4-bd6a-b236c27bd546,bee4b68b-f35e-4a93-83c0-6e0f586389e1,09f8c01f-7ff5-42bb-bce6-e4d4c11b56b3,ffc8e0d8-13df-46f3-af49-e51c946bb717,False,False,False,False,6.0366426,5.783142,5.714171,2.8857465,cup.blend,classes,sea urchin,ping-pong ball,bib,pill bottle
2,-0.5,0,0.253,0.0,0.3,-1.7444444444444447,0.0,0.0,0.0,3.0,1.0,0.1,1.0,1.57,1.0,1.0,0.0,3.0,studioX_Stage.blend,494c24a5-4e6d-4ba8-b48b-25f5a021f879,e1fef870-1aec-46b7-be6c-4f69d9dc4fc9,e2859507-52c2-4836-9ddc-7f69a18a2865,b2d97133-0fbd-4e05-a181-737ad8990bf5,False,False,False,True,5.946521,5.8031263,5.735115,1.9465936,cup.blend,classes,sea urchin,ping-pong ball,bib,cup
3,-0.5,0,0.253,0.0,0.3,-1.0466666666666669,0.0,0.0,0.0,3.0,1.0,0.1,1.0,1.57,1.0,1.0,0.0,3.0,studioX_Stage.blend,35826d4e-3f33-4e53-bbe7-7510fd467b5f,61849f2e-0fde-4470-bdad-45efd00395b8,e357f632-a823-46ec-ac1e-c9045b528d5c,b3a6536f-696c-47cc-bd19-9b7fafad9070,False,False,False,False,6.059917,5.831497,5.8445473,3.1185236,cup.blend,classes,sea urchin,ping-pong ball,bib,pill bottle
4,-0.5,0,0.253,0.0,0.3,-0.34888888888888925,0.0,0.0,0.0,3.0,1.0,0.1,1.0,1.57,1.0,1.0,0.0,3.0,studioX_Stage.blend,8cd60770-d697-47fe-8495-80172836a12a,aefbe533-588f-4ec0-a95f-41f837476084,978a2bcf-c38e-431f-88a7-b0da5f31ddac,1332e0c9-340a-41c0-be9f-7a3d31a4fc47,False,False,False,False,6.176547,5.826067,5.8268023,2.2565408,cup.blend,classes,sea urchin,ping-pong ball,bib,pill bottle
5,-0.5,0,0.253,0.0,0.3,0.34888888888888925,0.0,0.0,0.0,3.0,1.0,0.1,1.0,1.57,1.0,1.0,0.0,3.0,studioX_Stage.blend,dba484ec-f981-4c11-88ba-9e20253c6e1f,653b0e47-f363-435c-bc55-f9dd88fc033b,5b8503c4-fc9c-4c46-8318-d8d7fb9526df,8716e9ac-7010-4d12-8e98-ce8d30b71fd0,False,False,False,False,6.1942573,5.889675,5.827733,2.2486467,cup.blend,classes,sea urchin,ping-pong ball,bib,pill bottle
6,-0.5,0,0.253,0.0,0.3,1.0466666666666664,0.0,0.0,0.0,3.0,1.0,0.1,1.0,1.57,1.0,1.0,0.0,3.0,studioX_Stage.blend,8b2036ab-edb4-4569-b70e-2e55db6957d9,67b38371-20b4-4668-9d74-cf69d12a7339,848aeb30-b91b-49ff-b9ba-faa622d1a66a,624ba558-4acd-4de5-9ea2-644ad43f6bf3,False,False,False,False,6.013253,5.7934895,5.769754,2.1633124,cup.blend,classes,sea urchin,ping-pong ball,bib,pill bottle
7,-0.5,0,0.253,0.0,0.3,1.744444444444444,0.0,0.0,0.0,3.0,1.0,0.1,1.0,1.57,1.0,1.0,0.0,3.0,studioX_Stage.blend,03205e5a-783e-491e-a833-f26e17d8fdf4,8f49c804-aa3b-4eca-92a4-4b22fe5566a1,64d7efa7-3639-4b55-9262-a08f79e2915a,01b5aa7c-1fb9-4f5a-9c62-06347609e0c3,False,False,False,True,5.96131,5.7945914,5.729938,1.5167481,cup.blend,classes,sea urchin,bib,bib,cup
8,-0.5,0,0.253,0.0,0.3,2.4422222222222216,0.0,0.0,0.0,3.0,1.0,0.1,1.0,1.57,1.0,1.0,0.0,3.0,studioX_Stage.blend,5f81f6a0-2773-4378-9182-9923fce6d7f5,f075f21e-18cd-4709-80b9-dce64d5be2b8,754cb89a-57f6-4352-b3ed-df0bacb440d9,12123ce7-2b80-4266-bed2-7ef33e849d3f,False,False,False,False,6.1326866,5.7602077,5.725059,2.1725197,cup.blend,classes,sea urchin,bib,bib,pill bottle
9,-0.5,0,0.253,0.0,0.3,3.14,0.0,0.0,0.0,3.0,1.0,0.1,1.0,1.57,1.0,1.0,0.0,3.0,studioX_Stage.blend,836bc82a-42e5-418c-aecd-426f8057bdd4,b4a5564c-3726-4c87-952f-8b2f0d813518,308aa0d8-cbf5-402b-b966-dc40d8b1bc78,bb8f4864-fe69-4268-983a-484c6ffd6106,False,False,False,False,5.9969807,5.782461,5.74941,2.080007,cup.blend,classes,sea urchin,bib,bib,pill bottle
10,-0.5,0,0.253,0.17444444444444443,0.3,-3.14,0.0,0.0,0.0,3.0,1.0,0.1,1.0,1.57,1.0,1.0,0.0,3.0,studioX_Stage.blend,f3aac96e-a5a6-4386-b878-d61223011df6,fcdabdb7-9f34-4fd7-9c9e-24651ee5219c,a8b226dc-5981-42eb-8e77-b70f93edfca1,4c7f6c40-b8ed-4afe-97c2-720683336a04,False,False,False,False,5.984194,5.739525,5.5915194,2.4422789,cup.blend,classes,sea urchin,ping-pong ball,bib,pill bottle
11,-0.5,0,0.253,0.17444444444444443,0.3,-2.4422222222222225,0.0,0.0,0.0,3.0,1.0,0.1,1.0,1.57,1.0,1.0,0.0,3.0,studioX_Stage.blend,fdfbce13-a750-4be3-a7a0-58d2d1844b90,a095c020-64fa-40c1-8ce3-095497bde623,51c6f996-0b74-43c4-821c-97737dc37dbe,fe591316-f68c-4a99-8134-d878ca6a0a25,False,False,False,False,6.0493407,5.793836,5.6237497,2.2915342,cup.blend,classes,sea urchin,ping-pong ball,bib,pill bottle
12,-0.5,0,0.253,0.17444444444444443,0.3,-1.7444444444444447,0.0,0.0,0.0,3.0,1.0,0.1,1.0,1.57,1.0,1.0,0.0,3.0,studioX_Stage.blend,eebf10e1-661f-46be-8035-efcf425eccbb,a3ff3330-c730-4f61-a6fd-c91cf588d275,d26e6e26-946b-4c8e-b306-547fb23a66f0,aa94f36a-a603-45c2-8599-d977f07e5b49,False,False,False,False,5.96511,5.8495264,5.64631,2.4031007,cup.blend,classes,sea urchin,ping-pong ball,bib,"lampshade, lamp shade"
13,-0.5,0,0.253,0.17444444444444443,0.3,-1.0466666666666669,0.0,0.0,0.0,3.0,1.0,0.1,1.0,1.57,1.0,1.0,0.0,3.0,studioX_Stage.blend,ff480f5f-773b-4763-af9c-922ebe87dbaf,a5c70e77-d0b4-440d-b92b-6212750c60f2,1c8e040b-a465-4183-ae7d-121a2b165a05,8442ed03-e5ba-4320-af3e-918a684f557d,False,False,False,False,6.054306,5.845577,5.7565866,2.7619457,cup.blend,classes,sea urchin,ping-pong ball,bib,ping-pong ball
14,-0.5,0,0.253,0.17444444444444443,0.3,-0.34888888888888925,0.0,0.0,0.0,3.0,1.0,0.1,1.0,1.57,1.0,1.0,0.0,3.0,studioX_Stage.blend,12fe9344-50b8-4abb-9d28-160f1793d412,3df1395a-b80c-4302-959f-2895caff6328,553acc89-693b-4576-bd77-45560c0af942,183ce0dc-73af-48a1-a193-5c9064514621,False,False,False,False,6.1240478,5.82535,5.748289,3.1042275,cup.blend,classes,sea urchin,ping-pong ball,bib,ping-pong ball
15,-0.5,0,0.253,0.17444444444444443,0.3,0.34888888888888925,0.0,0.0,0.0,3.0,1.0,0.1,1.0,1.57,1.0,1.0,0.0,3.0,studioX_Stage.blend,d432776b-cff1-4f18-bf8e-4e30c69bd61a,cbed8d7b-0226-4297-a859-ba9e9fc60d0e,b193b3f2-d6a8-4307-8554-d3a0c208ecba,af4a6a3f-3f6f-4a38-811c-b4ddc05a356f,False,False,False,False,6.1997514,5.835711,5.778483,3.1274014,cup.blend,classes,sea urchin,ping-pong ball,bib,ping-pong ball
16,-0.5,0,0.253,0.17444444444444443,0.3,1.0466666666666664,0.0,0.0,0.0,3.0,1.0,0.1,1.0,1.57,1.0,1.0,0.0,3.0,studioX_Stage.blend,98f0b14d-1e68-4fca-8fc1-fc6dfe708495,bb9146c4-0bd2-4a77-8ddf-59663bd67ac7,9a98ca35-ed00-418a-9729-57082abc0c20,4fad9d63-9507-48f8-b4a8-3d542fefc13e,False,False,False,False,6.0041018,5.7557893,5.661949,2.676325,cup.blend,classes,sea urchin,ping-pong ball,bib,ping-pong ball
17,-0.5,0,0.253,0.17444444444444443,0.3,1.744444444444444,0.0,0.0,0.0,3.0,1.0,0.1,1.0,1.57,1.0,1.0,0.0,3.0,studioX_Stage.blend,449d2c03-d434-443f-934d-5330600b6019,3ee6cb1e-44b2-4897-ab1c-483bd5e0ff0e,2a83e01e-e10a-4695-9438-3b05bfbe6351,c39db8fb-cb07-4022-b515-a7734a2fd841,False,False,False,False,5.8910627,5.7645493,5.6982327,1.9666737,cup.blend,classes,sea urchin,ping-pong ball,bib,ping-pong ball
18,-0.5,0,0.253,0.17444444444444443,0.3,2.4422222222222216,0.0,0.0,0.0,3.0,1.0,0.1,1.0,1.57,1.0,1.0,0.0,3.0,studioX_Stage.blend,18ac482f-591c-40a2-82f7-df7ea236b56d,a70f572e-8e3a-4cd3-bda2-aaeaa6ba1665,9bc690b3-0f82-4df1-94a2-ffc5737bf19b,67348fe5-2ee6-407d-b5aa-7aa0862894bf,False,False,False,False,6.0158095,5.72444,5.573342,2.2802496,cup.blend,classes,sea urchin,ping-pong ball,bib,pill bottle
19,-0.5,0,0.253,0.17444444444444443,0.3,3.14,0.0,0.0,0.0,3.0,1.0,0.1,1.0,1.57,1.0,1.0,0.0,3.0,studioX_Stage.blend,bb63b65e-cc5b-41a6-ae5f-c36c35b815d4,c9d6726c-7e36-4f4d-87f6-2e176d4f4647,b2d9d1fc-4b14-4f35-a39d-e1027d912dc7,e16c006b-bb86-4457-8a9d-162abb985f33,False,False,False,False,5.982547,5.7401967,5.589365,2.4729948,cup.blend,classes,sea urchin,ping-pong ball,bib,pill bottle
20,-0.5,0,0.253,0.34888888888888886,0.3,-3.14,0.0,0.0,0.0,3.0,1.0,0.1,1.0,1.57,1.0,1.0,0.0,3.0,studioX_Stage.blend,b6a99570-9e98-4a47-bbe7-dd0b73d373c3,1e67f27b-4c76-47e7-86ae-b976fec7a8c8,03385b7b-46f9-4042-9043-24481292a807,cb9d82cd-3600-427e-a8eb-6e9a3cb8f8c1,False,False,False,True,5.8816204,5.7640915,5.2252445,0.8477383,cup.blend,classes,sea urchin,ping-pong ball,bib,cup
21,-0.5,0,0.253,0.34888888888888886,0.3,-2.4422222222222225,0.0,0.0,0.0,3.0,1.0,0.1,1.0,1.57,1.0,1.0,0.0,3.0,studioX_Stage.blend,7623f9cf-87d1-4387-8139-ae629602974c,46303eb6-af7b-42e1-8afc-96b0254ee8ac,bd99567a-e8dc-4d82-9739-649c743ba69a,71d6f5bd-de48-4dca-b4bd-d5ccc07e40c1,False,False,False,True,6.005643,5.8578277,5.3428025,1.1971223,cup.blend,classes,sea urchin,ping-pong ball,bib,cup
22,-0.5,0,0.253,0.34888888888888886,0.3,-1.7444444444444447,0.0,0.0,0.0,3.0,1.0,0.1,1.0,1.57,1.0,1.0,0.0,3.0,studioX_Stage.blend,a2611ea1-468c-41c6-a603-606a716b36a2,7db458f4-49b6-4289-b3ce-999a72c35879,de71f696-fa52-42d4-97a9-eb416d5021ae,0e79c773-ca3a-4d26-b901-729fc739b0b6,False,False,False,True,5.8997107,5.9639945,5.3715954,1.4338032,cup.blend,classes,sea urchin,ping-pong ball,bib,cup
23,-0.5,0,0.253,0.34888888888888886,0.3,-1.0466666666666669,0.0,0.0,0.0,3.0,1.0,0.1,1.0,1.57,1.0,1.0,0.0,3.0,studioX_Stage.blend,53ae570d-76cc-4105-b8b0-d0192b092a62,5ce5c6fc-9a1d-4310-b850-8d5696fa9ef8,5c00afb0-a4c3-4773-8c49-1d1a3983e761,d3d76f91-c12f-4df3-abb8-0f32c033f49c,False,False,False,False,5.948103,5.817039,5.486312,2.1204958,cup.blend,classes,sea urchin,ping-pong ball,bib,pill bottle
24,-0.5,0,0.253,0.34888888888888886,0.3,-0.34888888888888925,0.0,0.0,0.0,3.0,1.0,0.1,1.0,1.57,1.0,1.0,0.0,3.0,studioX_Stage.blend,68ec47c4-46c7-4ab8-b068-dca05d1103c4,b02eac90-dca0-4241-b84a-559954b774d4,5187a867-078c-4299-905b-2dd85e96f8db,2f1b5be6-881d-40b3-b083-fa2cd228c88b,False,False,False,True,6.054765,5.8012075,5.495368,1.6017237,cup.blend,classes,sea urchin,ping-pong ball,bib,cup
25,-0.5,0,0.253,0.34888888888888886,0.3,0.34888888888888925,0.0,0.0,0.0,3.0,1.0,0.1,1.0,1.57,1.0,1.0,0.0,3.0,studioX_Stage.blend,760a0496-7835-432c-8cb2-3f03bdac05fd,1b76bcd3-670f-4297-8a7b-cc093df1e1d2,6c4cf35b-4071-4f82-95c5-d2f6a1a500c7,682b72a8-63b0-4f30-9b7a-4c7e1135a411,False,False,False,False,6.1539025,5.80053,5.54369,1.8586507,cup.blend,classes,sea urchin,ping-pong ball,bib,ping-pong ball
26,-0.5,0,0.253,0.34888888888888886,0.3,1.0466666666666664,0.0,0.0,0.0,3.0,1.0,0.1,1.0,1.57,1.0,1.0,0.0,3.0,studioX_Stage.blend,d2b57814-d27c-464e-b88a-53eddcf1e038,007596e7-4029-43c8-afd6-5e31c0264142,25b09470-19a6-462e-9fa6-8347df69ddf9,50bb57cf-048d-454e-a3d5-7801362f4b4b,False,False,False,False,5.853028,5.6967735,5.5048614,1.9056728,cup.blend,classes,sea urchin,ping-pong ball,bib,ping-pong ball
27,-0.5,0,0.253,0.34888888888888886,0.3,1.744444444444444,0.0,0.0,0.0,3.0,1.0,0.1,1.0,1.57,1.0,1.0,0.0,3.0,studioX_Stage.blend,4703874d-6009-4158-9a06-c7a4e8f80f04,4b93dada-383e-415a-ac1c-1004909f245b,85bccfec-4f8e-48b1-92d1-95352161d146,4acd8868-5aee-4e0c-9f97-e4fb82e4015b,False,False,False,False,5.8457627,5.732733,5.4609675,1.5564107,cup.blend,classes,sea urchin,ping-pong ball,bib,pill bottle
28,-0.5,0,0.253,0.34888888888888886,0.3,2.4422222222222216,0.0,0.0,0.0,3.0,1.0,0.1,1.0,1.57,1.0,1.0,0.0,3.0,studioX_Stage.blend,524a3d7c-3998-4fa1-9cfb-923f4c1bd22f,f739e287-0e36-4625-841a-b91fc487971a,876986da-ecc0-416c-a21f-538f56a45e5f,3c91b787-e3dc-4cb3-8bcc-657b2589daf0,False,False,False,False,5.914256,5.735444,5.218956,1.6607062,cup.blend,classes,sea urchin,ping-pong ball,bib,ping-pong ball
29,-0.5,0,0.253,0.34888888888888886,0.3,3.14,0.0,0.0,0.0,3.0,1.0,0.1,1.0,1.57,1.0,1.0,0.0,3.0,studioX_Stage.blend,606ea2cf-f063-4d75-a8b6-c3c798ddc460,d5519c1a-d0a2-445f-884f-f0d6150cc7f2,81a761d8-ab76-4968-8d17-865a27d77a31,7ad6dc70-adcb-4d23-a208-77f67565ed0f,False,False,False,True,5.8757524,5.7406406,5.228648,0.7692423,cup.blend,classes,sea urchin,ping-pong ball,bib,cup
30,-0.5,0,0.253,0.5233333333333333,0.3,-3.14,0.0,0.0,0.0,3.0,1.0,0.1,1.0,1.57,1.0,1.0,0.0,3.0,studioX_Stage.blend,c0e3023f-d4a6-46ce-ac7b-44827dfa0162,8b5a7788-44a0-460d-afe6-a04f73cf2029,b0f9b117-565c-4498-a000-755dfecb9098,8342ac76-618a-4f22-bbec-f77de1e1eb70,False,False,False,True,5.5928087,5.786277,5.052573,0.64899784,cup.blend,classes,hermit crab,ping-pong ball,golf ball,cup
31,-0.5,0,0.253,0.5233333333333333,0.3,-2.4422222222222225,0.0,0.0,0.0,3.0,1.0,0.1,1.0,1.57,1.0,1.0,0.0,3.0,studioX_Stage.blend,ca059f78-8234-4479-bcc7-4066d1d505dc,d42384ee-6a32-4050-ac6a-a87832002bfa,9cc568d6-1d95-4f2b-8c1e-4a46bdd22ae2,7d9ce46c-4ff1-44cb-86ac-bb72bdfcdcff,False,False,False,True,5.86125,5.848684,5.167686,0.8743287,cup.blend,classes,hermit crab,ping-pong ball,golf ball,cup
32,-0.5,0,0.253,0.5233333333333333,0.3,-1.7444444444444447,0.0,0.0,0.0,3.0,1.0,0.1,1.0,1.57,1.0,1.0,0.0,3.0,studioX_Stage.blend,16c1fe91-cbc8-4f3d-96d5-36e3c6d32c0b,71989290-2132-4a2b-af97-081c570ad257,75874786-2d37-4db2-bcef-21f9f9169eb9,775e91e6-2b5d-42ac-adc2-85959266f2b5,False,False,False,True,5.856127,6.0078163,5.0980153,1.4763541,cup.blend,classes,hermit crab,ping-pong ball,bib,cup
33,-0.5,0,0.253,0.5233333333333333,0.3,-1.0466666666666669,0.0,0.0,0.0,3.0,1.0,0.1,1.0,1.57,1.0,1.0,0.0,3.0,studioX_Stage.blend,8706539f-fcd6-42aa-b086-d6de13d42533,5739f160-2bfb-42ad-a7f2-45e51940042e,acde3ad9-d8de-41c2-b42e-b61680105535,53aed670-4c72-418e-9e82-eda3edd685ea,False,False,False,True,5.853401,5.833744,5.186122,1.5708202,cup.blend,classes,hermit crab,ping-pong ball,bib,cup
34,-0.5,0,0.253,0.5233333333333333,0.3,-0.34888888888888925,0.0,0.0,0.0,3.0,1.0,0.1,1.0,1.57,1.0,1.0,0.0,3.0,studioX_Stage.blend,79f54006-044e-4614-aa50-9f1e38a90f32,68e734e2-1353-4e10-8603-d508ebf16493,dcc93321-e88d-45b7-ad12-f7f3626de2e2,bfe00cb8-e733-433f-ad4d-190518216e79,False,False,False,True,5.908454,5.7519174,5.235683,0.5536396,cup.blend,classes,sea urchin,ping-pong ball,bib,cup
35,-0.5,0,0.253,0.5233333333333333,0.3,0.34888888888888925,0.0,0.0,0.0,3.0,1.0,0.1,1.0,1.57,1.0,1.0,0.0,3.0,studioX_Stage.blend,4abb2d51-fb3b-405b-8d54-1c30c467d878,db324ac3-34ec-4f96-86d4-ac1fcaae38ec,b22de8e6-8e4c-494c-ae10-1f03934f5005,69ac41d0-b9fb-4d86-83ac-aea21f6d6299,False,False,False,True,6.054578,5.7220507,5.49864,1.5876585,cup.blend,classes,sea urchin,ping-pong ball,bib,cup
36,-0.5,0,0.253,0.5233333333333333,0.3,1.0466666666666664,0.0,0.0,0.0,3.0,1.0,0.1,1.0,1.57,1.0,1.0,0.0,3.0,studioX_Stage.blend,846f60e7-16e0-4e82-a72b-df8b01c86fd5,e78cd401-6d5c-48cf-a110-7b9584b5ac3c,9a9aec11-37cb-4f38-aa65-2601faf1d070,2269c3c4-f6df-44f5-b7ff-62b50b751363,False,False,False,True,5.8354735,5.8121266,5.3792787,1.2360077,cup.blend,classes,sea urchin,ping-pong ball,bib,cup
37,-0.5,0,0.253,0.5233333333333333,0.3,1.744444444444444,0.0,0.0,0.0,3.0,1.0,0.1,1.0,1.57,1.0,1.0,0.0,3.0,studioX_Stage.blend,dbe65fb4-b07c-4d38-9898-8f33e34cf563,91563dda-cef4-44fa-8a27-3d68712a227f,b3b2b67f-872b-44ca-aae3-700ddb1817a2,37a56a91-c17e-4205-8f40-cf441b3bb74f,False,False,False,False,5.7468987,5.890709,5.22923,2.289924,cup.blend,classes,sea urchin,ping-pong ball,bib,pill bottle
38,-0.5,0,0.253,0.5233333333333333,0.3,2.4422222222222216,0.0,0.0,0.0,3.0,1.0,0.1,1.0,1.57,1.0,1.0,0.0,3.0,studioX_Stage.blend,6ca22b59-c715-4700-bbcf-ca267520ee46,55c3676f-c112-4df9-94c8-a2fccc25c790,77ef432d-841b-4b5e-8eaa-ab5b2901823d,496ecc77-00fe-4f76-9f1b-ccb596affd8c,False,False,False,False,5.875338,5.627746,5.1685314,1.8418643,cup.blend,classes,hermit crab,ping-pong ball,golf ball,ping-pong ball
39,-0.5,0,0.253,0.5233333333333333,0.3,3.14,0.0,0.0,0.0,3.0,1.0,0.1,1.0,1.57,1.0,1.0,0.0,3.0,studioX_Stage.blend,442e6df9-e673-468f-9f3f-395a0bd1d8f2,790db2fe-c50d-4b58-9635-3d1b5bdbb88a,999b2bef-19ed-4e3c-899f-c11937db0dc8,230eff09-21dd-4ae0-b69e-047b374feaa6,False,False,False,True,5.592601,5.766975,5.0524893,0.67958015,cup.blend,classes,hermit crab,ping-pong ball,golf ball,cup
40,-0.5,0,0.253,0.6977777777777777,0.3,-3.14,0.0,0.0,0.0,3.0,1.0,0.1,1.0,1.57,1.0,1.0,0.0,3.0,studioX_Stage.blend,e71159d6-2c00-49ed-9544-625910e6e9f3,7a820783-9b69-4ddf-90df-a7c712e90986,9d490000-bded-4063-9268-ce334b4f27e7,6d144bb1-d0c1-46c0-8bb8-b519c45714ab,False,False,False,True,5.250293,5.4159236,4.885916,0.3207114,cup.blend,classes,hermit crab,ping-pong ball,golf ball,cup
41,-0.5,0,0.253,0.6977777777777777,0.3,-2.4422222222222225,0.0,0.0,0.0,3.0,1.0,0.1,1.0,1.57,1.0,1.0,0.0,3.0,studioX_Stage.blend,0ddad9d5-5146-4019-ab1c-335e9335c240,b4dfb3b8-b32f-4a65-9072-ea51ba27bb4d,9a1a9b7e-7b6c-4891-a83b-0e603988b05b,9467f8b9-d3c0-45e7-a234-937538f7af52,False,False,False,True,5.4223857,5.361145,4.834533,0.93863046,cup.blend,classes,hermit crab,ping-pong ball,golf ball,cup
42,-0.5,0,0.253,0.6977777777777777,0.3,-1.7444444444444447,0.0,0.0,0.0,3.0,1.0,0.1,1.0,1.57,1.0,1.0,0.0,3.0,studioX_Stage.blend,0c15985b-901a-4d08-8578-299718846cc5,36dd5a8a-0068-4b01-b0bf-9163651f1675,e38f1bd7-fbbe-4c81-a36a-8c4616074197,4b07081a-c0b8-4a25-8b7f-526b8a216a11,False,False,False,True,5.553898,5.722287,4.8391867,1.021629,cup.blend,classes,hermit crab,ping-pong ball,golf ball,cup
43,-0.5,0,0.253,0.6977777777777777,0.3,-1.0466666666666669,0.0,0.0,0.0,3.0,1.0,0.1,1.0,1.57,1.0,1.0,0.0,3.0,studioX_Stage.blend,fed3d938-a991-4c11-aca4-443f77c80228,0784be3e-66fe-4d71-8fff-3e023b11d0b7,19e8f4e9-cb57-434e-8fb5-71ca23a59e9d,316f0a54-db6a-48ce-b27e-6b361200d594,False,False,False,False,5.4319787,5.259029,4.6868343,1.9992099,cup.blend,classes,hermit crab,ping-pong ball,golf ball,pill bottle
44,-0.5,0,0.253,0.6977777777777777,0.3,-0.34888888888888925,0.0,0.0,0.0,3.0,1.0,0.1,1.0,1.57,1.0,1.0,0.0,3.0,studioX_Stage.blend,01014a7c-e2f1-4eed-adf8-ce8c7ab2cd47,f490a618-f11c-49ec-ab65-85daa0cfdc8d,0d4286ab-e1cc-416c-9709-19ffee3e1e3c,b29a90af-7ee0-489e-b7f0-b80b1ef6897a,False,False,False,True,5.64872,5.487402,4.9231644,0.19826053,cup.blend,classes,hermit crab,ping-pong ball,golf ball,cup
45,-0.5,0,0.253,0.6977777777777777,0.3,0.34888888888888925,0.0,0.0,0.0,3.0,1.0,0.1,1.0,1.57,1.0,1.0,0.0,3.0,studioX_Stage.blend,9f06db03-6a10-4a90-9159-e845b35bdac2,9a9be852-d422-4888-b5e3-c09770136ef8,a7208aa0-7daa-4e57-94d4-c08944b44cc7,01f917f7-0f7e-4161-9e56-045f62e7a8b9,False,False,False,False,5.633059,5.414943,4.8416514,1.852915,cup.blend,classes,hermit crab,ping-pong ball,golf ball,pill bottle
46,-0.5,0,0.253,0.6977777777777777,0.3,1.0466666666666664,0.0,0.0,0.0,3.0,1.0,0.1,1.0,1.57,1.0,1.0,0.0,3.0,studioX_Stage.blend,6903ba19-8e22-4054-aab9-bd4e5545941b,e3c7ad5b-7ad7-47bd-ac87-014a2af63a41,64508cd9-695a-45a4-8417-71f7bc7e4a5f,248bf8f8-20f5-4899-a67d-eb2435de3d08,False,False,False,False,5.521637,5.521057,4.85371,1.3087144,cup.blend,classes,hermit crab,ping-pong ball,golf ball,pill bottle
47,-0.5,0,0.253,0.6977777777777777,0.3,1.744444444444444,0.0,0.0,0.0,3.0,1.0,0.1,1.0,1.57,1.0,1.0,0.0,3.0,studioX_Stage.blend,79e7d311-9ec1-4c21-b1d9-d1363aba4836,ade03213-f5b9-4b5e-8945-3b8b470395df,d56d1073-db74-494b-a8d6-5c75964a17c4,46199ec9-4d8e-4855-9771-c327e6357310,False,False,False,False,5.40432,5.4277353,4.811658,2.1739905,cup.blend,classes,hermit crab,ping-pong ball,golf ball,pill bottle
48,-0.5,0,0.253,0.6977777777777777,0.3,2.4422222222222216,0.0,0.0,0.0,3.0,1.0,0.1,1.0,1.57,1.0,1.0,0.0,3.0,studioX_Stage.blend,f05b8590-b62d-4a61-9b39-8fed70f11a06,6c3dfbab-d08f-47fa-bf67-b46dcaf72c6b,139fe176-303c-41ed-aaf1-ed4ba8810279,d2fb8558-d138-4c0b-bf8d-9f0af7cc51bb,False,False,False,False,5.4109645,5.2580853,4.8019705,1.7455951,cup.blend,classes,hermit crab,ping-pong ball,golf ball,pill bottle
49,-0.5,0,0.253,0.6977777777777777,0.3,3.14,0.0,0.0,0.0,3.0,1.0,0.1,1.0,1.57,1.0,1.0,0.0,3.0,studioX_Stage.blend,31dfe069-0c3c-4010-ad90-34087f9ffe3b,4b5a83e2-a4be-4f83-85f5-49fd0e1c043b,046ef506-823f-4c33-ae00-78cea61abb28,218f6014-546f-4d74-9379-773a04532758,False,False,False,True,5.251214,5.4248056,4.878776,0.3327845,cup.blend,classes,hermit crab,ping-pong ball,golf ball,cup
50,-0.5,0,0.253,0.8722222222222223,0.3,-3.14,0.0,0.0,0.0,3.0,1.0,0.1,1.0,1.57,1.0,1.0,0.0,3.0,studioX_Stage.blend,f91dbb02-d146-48f2-9765-f5831af58ccf,eb0766cf-e848-4cd3-b3ca-da0a68bb7625,d7c030d6-1b13-4c30-86e5-a00fad684ba1,5fd8686a-b74d-4814-a833-1e6e9307d1db,False,False,False,True,4.614821,4.4081693,3.819323,0.21865408,cup.blend,classes,hermit crab,ping-pong ball,golf ball,cup
51,-0.5,0,0.253,0.8722222222222223,0.3,-2.4422222222222225,0.0,0.0,0.0,3.0,1.0,0.1,1.0,1.57,1.0,1.0,0.0,3.0,studioX_Stage.blend,e19ec82a-30d0-4271-bd8d-2ec24f612b42,75d23f49-6b27-46e0-9676-3d11f865310f,b3b2f395-8f45-4e14-8cca-85c3c6eab767,97db6f5c-bddc-4f97-9fd4-f7a2f459359c,False,False,False,True,4.6619873,4.3582697,3.8462086,0.738298,cup.blend,classes,hermit crab,ping-pong ball,golf ball,cup
52,-0.5,0,0.253,0.8722222222222223,0.3,-1.7444444444444447,0.0,0.0,0.0,3.0,1.0,0.1,1.0,1.57,1.0,1.0,0.0,3.0,studioX_Stage.blend,63361399-7670-4996-b922-839fdf52d013,59b13ed8-ab9b-4dfa-8c81-6db9ac06e74b,d820bd48-a808-403a-a935-64c8ede2d8aa,55299ccf-7942-4b3f-b096-a9e1e1615c62,False,False,False,True,4.807258,4.4578204,3.9304097,0.6661037,cup.blend,classes,hermit crab,ping-pong ball,golf ball,cup
53,-0.5,0,0.253,0.8722222222222223,0.3,-1.0466666666666669,0.0,0.0,0.0,3.0,1.0,0.1,1.0,1.57,1.0,1.0,0.0,3.0,studioX_Stage.blend,889ef13a-ba32-4dd4-a851-fdf154d470b4,f3e5f1bd-5a1e-4082-8b39-b15aebc11ffc,0a639e28-bf9a-4177-a6bc-75782d2b2056,180d38a2-831a-4eba-b814-41ee0f880fb0,False,False,False,False,4.7183113,4.2906065,3.8408437,1.1478341,cup.blend,classes,"electric ray, crampfish, numbfish, torpedo",ping-pong ball,golf ball,pill bottle
54,-0.5,0,0.253,0.8722222222222223,0.3,-0.34888888888888925,0.0,0.0,0.0,3.0,1.0,0.1,1.0,1.57,1.0,1.0,0.0,3.0,studioX_Stage.blend,ef587c27-f6af-4dae-9607-a1b114f8c4b3,b5616058-19aa-45c5-b081-1eeaa9d470bc,a37aaf7a-7547-419f-9b02-916f36057c3b,427c5db9-50d0-43c6-b79e-052207c81acf,False,False,False,True,4.808127,4.310192,3.9169507,0.09176155,cup.blend,classes,hermit crab,ping-pong ball,golf ball,cup
55,-0.5,0,0.253,0.8722222222222223,0.3,0.34888888888888925,0.0,0.0,0.0,3.0,1.0,0.1,1.0,1.57,1.0,1.0,0.0,3.0,studioX_Stage.blend,c0cc0298-9e44-4ad6-9b78-5185b1dc4f5d,007b5a4f-e996-4bba-8f86-8b742dac6bb6,d2578e0c-0a36-43b7-a07a-efcc742aa91e,c8a17eb0-554a-4f62-bde4-c98df42826d9,False,False,False,False,4.860198,4.076205,3.8130918,1.3603293,cup.blend,classes,"electric ray, crampfish, numbfish, torpedo",dough,golf ball,pill bottle
56,-0.5,0,0.253,0.8722222222222223,0.3,1.0466666666666664,0.0,0.0,0.0,3.0,1.0,0.1,1.0,1.57,1.0,1.0,0.0,3.0,studioX_Stage.blend,96f7d93e-c1aa-444c-97d1-fe1b8d835a10,68107b31-6846-4952-8930-991f6a864e65,39720579-074a-46a6-ab28-e7a973866159,5b7295a7-653a-4785-8d31-003529dbde2e,False,False,False,True,4.710932,4.5518303,3.8365846,0.42181778,cup.blend,classes,"electric ray, crampfish, numbfish, torpedo",dough,golf ball,cup
57,-0.5,0,0.253,0.8722222222222223,0.3,1.744444444444444,0.0,0.0,0.0,3.0,1.0,0.1,1.0,1.57,1.0,1.0,0.0,3.0,studioX_Stage.blend,4cc479d2-c5d1-41b5-86e0-1e7af9453e7b,96f71a2f-d587-4582-bbc4-de25e3b4d81e,301c1e9c-3b55-4c97-8724-108146b59237,aaa31920-a91e-4188-8142-4457a641f3e7,False,False,False,False,4.621414,4.393503,3.879259,1.1535451,cup.blend,classes,"electric ray, crampfish, numbfish, torpedo",ping-pong ball,golf ball,pill bottle
58,-0.5,0,0.253,0.8722222222222223,0.3,2.4422222222222216,0.0,0.0,0.0,3.0,1.0,0.1,1.0,1.57,1.0,1.0,0.0,3.0,studioX_Stage.blend,afb1fb67-45a7-4839-b2c1-57958ec8bf4d,f4d03908-9d0a-4357-aa57-787ce498dfad,9591deb6-a475-414a-b44c-932f8977cede,3f71b971-7abb-45dd-8df5-434490560c60,False,False,False,False,4.594508,4.405394,3.819074,1.1418103,cup.blend,classes,"electric ray, crampfish, numbfish, torpedo",ping-pong ball,golf ball,pill bottle
59,-0.5,0,0.253,0.8722222222222223,0.3,3.14,0.0,0.0,0.0,3.0,1.0,0.1,1.0,1.57,1.0,1.0,0.0,3.0,studioX_Stage.blend,12f344bf-4014-492a-a893-0771b0119052,3c03bcd3-3c4b-4b16-855a-064769d11127,3245609b-e80a-4824-9cd2-7efda173850b,2e29d9d4-d0b7-4a58-830f-37dcd68ec64a,False,False,False,True,4.6197076,4.3861656,3.8411055,0.24702321,cup.blend,classes,hermit crab,ping-pong ball,golf ball,cup
60,-0.5,0,0.253,1.0466666666666666,0.3,-3.14,0.0,0.0,0.0,3.0,1.0,0.1,1.0,1.57,1.0,1.0,0.0,3.0,studioX_Stage.blend,99505cd2-946c-4d9d-b56c-f6b70b009c03,c609467d-3d79-46b7-b7bd-a10c03d82bd5,6fae489a-7403-4401-a154-dff411cb1d8b,00ff6a1a-223e-4b3f-8b26-5d9730745ab4,False,False,False,True,3.0319912,2.8238573,3.111527,0.1250247,cup.blend,classes,golf ball,ping-pong ball,golf ball,cup
61,-0.5,0,0.253,1.0466666666666666,0.3,-2.4422222222222225,0.0,0.0,0.0,3.0,1.0,0.1,1.0,1.57,1.0,1.0,0.0,3.0,studioX_Stage.blend,9fc685a6-c7c4-4cae-9239-5030c35f31ac,7b57967b-f597-4a83-b629-c163be0f0a10,c3cc66d3-d836-489c-b6ec-1a2b624eaee4,ac82375d-0550-4e6e-9a4c-7e523c241dec,False,False,False,True,4.1310296,4.4054604,3.9215353,0.765975,cup.blend,classes,dough,dough,dough,cup
62,-0.5,0,0.253,1.0466666666666666,0.3,-1.7444444444444447,0.0,0.0,0.0,3.0,1.0,0.1,1.0,1.57,1.0,1.0,0.0,3.0,studioX_Stage.blend,4d3899d4-cdae-4145-b618-3122adaa4c89,53988e2c-9553-4034-a879-af61afe8021f,68639f34-663c-418a-9a19-9d6e55033ca8,45660e75-031c-4df0-9b06-7572d86f56ea,False,False,False,True,3.0759916,3.6188812,2.8297884,0.49205998,cup.blend,classes,dough,"lampshade, lamp shade",golf ball,cup
63,-0.5,0,0.253,1.0466666666666666,0.3,-1.0466666666666669,0.0,0.0,0.0,3.0,1.0,0.1,1.0,1.57,1.0,1.0,0.0,3.0,studioX_Stage.blend,6e6232f1-e4bd-40ed-a19d-7471424c40d5,831c3e03-4f09-4f11-85de-ace3b0c5ef33,44ca61ef-a36a-422b-a958-82f8717f4b47,a2bce326-7685-4b78-a329-78cced4c5b43,False,False,False,True,3.6263502,3.9428816,2.8772912,1.3596249,cup.blend,classes,"cowboy hat, ten-gallon hat",table lamp,eggnog,cup
64,-0.5,0,0.253,1.0466666666666666,0.3,-0.34888888888888925,0.0,0.0,0.0,3.0,1.0,0.1,1.0,1.57,1.0,1.0,0.0,3.0,studioX_Stage.blend,22761115-c81f-4178-875b-1815ebe47e81,d8eb9d2f-4828-4ce1-9014-adc0ad7876e6,15db3b4f-b10c-48d2-9cf1-2bc3681589cb,f5f9efbb-68f4-47bb-bd19-943030d45b88,False,False,False,True,3.9299562,3.4946947,2.8107245,0.11280882,cup.blend,classes,sombrero,"lampshade, lamp shade",golf ball,cup
65,-0.5,0,0.253,1.0466666666666666,0.3,0.34888888888888925,0.0,0.0,0.0,3.0,1.0,0.1,1.0,1.57,1.0,1.0,0.0,3.0,studioX_Stage.blend,d6497993-4e03-46da-9f6d-e8c3c4245e7d,689f94fb-76af-4961-8149-bb0afa7fde73,34cd4b53-50a5-4a17-8f73-07a6763bf2ae,1793960b-b18b-4014-8f61-a971881f7571,False,False,True,True,3.9814534,3.4023256,2.6195858,0.09866259,cup.blend,classes,"electric ray, crampfish, numbfish, torpedo","cowboy hat, ten-gallon hat",cup,cup
66,-0.5,0,0.253,1.0466666666666666,0.3,1.0466666666666664,0.0,0.0,0.0,3.0,1.0,0.1,1.0,1.57,1.0,1.0,0.0,3.0,studioX_Stage.blend,c2f39dff-431f-4aad-987c-fcf396261404,254c5530-6012-4bdd-96f1-7e3d207d0099,af4223d9-c081-4238-b73d-104bbfd6ff6b,4ccaa8f8-0320-4000-b8ba-4b734977647a,False,False,False,True,3.6218777,4.0379,2.9427114,0.29824507,cup.blend,classes,"cowboy hat, ten-gallon hat",table lamp,eggnog,cup
67,-0.5,0,0.253,1.0466666666666666,0.3,1.744444444444444,0.0,0.0,0.0,3.0,1.0,0.1,1.0,1.57,1.0,1.0,0.0,3.0,studioX_Stage.blend,5225b371-e48a-4aa5-9366-096b9a2dcdd2,92a2c84a-4056-4137-9442-3c39cb154e3c,75929ab3-19dd-4c8a-be53-752624703daa,873eb9ed-11cc-4dae-b90c-2cca347392e9,False,False,False,True,3.2559516,3.4733024,2.7920222,0.49967715,cup.blend,classes,sombrero,"lampshade, lamp shade",golf ball,cup
68,-0.5,0,0.253,1.0466666666666666,0.3,2.4422222222222216,0.0,0.0,0.0,3.0,1.0,0.1,1.0,1.57,1.0,1.0,0.0,3.0,studioX_Stage.blend,6f0e6141-d85f-4dc5-8bbc-8c62bcae7ab2,9f778128-9682-481d-a08d-3d27de88b9e7,8516ceeb-faf8-4360-ad2e-744b3fa8e19e,3a6b4bc4-9245-4449-bdda-7ad7943c07e0,False,False,False,True,4.0727463,4.4764047,3.822162,0.30772388,cup.blend,classes,"cowboy hat, ten-gallon hat","lampshade, lamp shade",dough,cup
69,-0.5,0,0.253,1.0466666666666666,0.3,3.14,0.0,0.0,0.0,3.0,1.0,0.1,1.0,1.57,1.0,1.0,0.0,3.0,studioX_Stage.blend,602b54a2-0725-47d0-94b2-9927c70e7d29,9ac9af4c-e5e4-4e38-8fcc-dcd517501b0c,b09b9b38-dbe1-47e1-b420-563a362f66f6,adc0deb4-542f-4ad0-b312-3c1a5641aeb5,False,False,False,True,3.0435922,2.836778,3.1262593,0.14086178,cup.blend,classes,golf ball,ping-pong ball,golf ball,cup
70,-0.5,0,0.253,1.221111111111111,0.3,-3.14,0.0,0.0,0.0,3.0,1.0,0.1,1.0,1.57,1.0,1.0,0.0,3.0,studioX_Stage.blend,bb3b6be7-689a-4d08-bd1d-0a65c30fc108,95b9dd6f-721f-43b4-a168-4bacf9937c05,04a3313b-db89-47bc-a89b-1c6ce2b91710,581c9ed4-44a0-45af-a2b4-b1117a6c9cef,True,False,False,True,2.7324297,2.9779427,3.128489,0.22591852,cup.blend,classes,cup,paper towel,red wine,cup
71,-0.5,0,0.253,1.221111111111111,0.3,-2.4422222222222225,0.0,0.0,0.0,3.0,1.0,0.1,1.0,1.57,1.0,1.0,0.0,3.0,studioX_Stage.blend,eff4b6ac-545b-4c2a-a670-ce5622440b03,b760f021-7546-45a7-96f7-b6977d5d1133,453e6fc3-1bae-4431-83c4-42f412bcc5aa,d882ad7b-9d54-444c-9cf8-94cf9780e632,False,False,False,True,3.6272173,3.8387454,4.234586,0.90949553,cup.blend,classes,banana,"lampshade, lamp shade",banana,cup
72,-0.5,0,0.253,1.221111111111111,0.3,-1.7444444444444447,0.0,0.0,0.0,3.0,1.0,0.1,1.0,1.57,1.0,1.0,0.0,3.0,studioX_Stage.blend,18e393f4-c496-42eb-8c9b-c5ccdb4341b2,82beb806-a507-4608-b1a5-e0eb9f06c019,0a08bbef-ffd8-4675-adce-8fbb1ca0ca57,3a2d174f-daa3-495c-8549-1db8f4a6e8b9,False,False,False,True,2.9261105,3.6780257,2.9654956,0.3248824,cup.blend,classes,"rubber eraser, rubber, pencil eraser","lampshade, lamp shade","puck, hockey puck",cup
73,-0.5,0,0.253,1.221111111111111,0.3,-1.0466666666666669,0.0,0.0,0.0,3.0,1.0,0.1,1.0,1.57,1.0,1.0,0.0,3.0,studioX_Stage.blend,7f4142e1-62f3-4a48-8891-2ecc2c4541c4,806e2fe5-041d-46aa-96fd-a85e2b8ce734,becff738-439e-4ad5-afff-993a9653a38c,dd58448e-afa6-43b2-97a7-35a6f46dfca9,False,False,False,True,2.6293006,2.7802043,2.8668995,0.8178769,cup.blend,classes,table lamp,paper towel,"candle, taper, wax light",cup
74,-0.5,0,0.253,1.221111111111111,0.3,-0.34888888888888925,0.0,0.0,0.0,3.0,1.0,0.1,1.0,1.57,1.0,1.0,0.0,3.0,studioX_Stage.blend,3f209585-11d8-4203-a36e-0b7dd30c2533,a7f5f355-529e-4362-9f0c-5f04e87cf75c,1f0c298e-7930-41b2-995b-652e0bf19952,46cd68d5-c8f6-4405-8344-7bbf667ad346,False,False,False,True,3.1483548,2.7858453,2.4471426,0.116766855,cup.blend,classes,sombrero,table lamp,red wine,cup
75,-0.5,0,0.253,1.221111111111111,0.3,0.34888888888888925,0.0,0.0,0.0,3.0,1.0,0.1,1.0,1.57,1.0,1.0,0.0,3.0,studioX_Stage.blend,c31744ce-f6ef-4f7a-aa4d-c7cc4995c3ef,536f7da4-bf5c-499b-8e5d-c9120d081d4e,43aa6da0-45e6-47c5-80f2-8708ad618108,6899b685-cb29-4d13-ba81-d1eef7c1daea,False,False,True,True,3.1295621,2.8300807,2.3482246,0.11776205,cup.blend,classes,"cowboy hat, ten-gallon hat","cowboy hat, ten-gallon hat",cup,cup
76,-0.5,0,0.253,1.221111111111111,0.3,1.0466666666666664,0.0,0.0,0.0,3.0,1.0,0.1,1.0,1.57,1.0,1.0,0.0,3.0,studioX_Stage.blend,569bc083-aac6-48a9-9c42-dea306682e76,01c894d4-ebd9-4031-a7a3-cd09dd240b35,e7325005-67f5-4dea-905d-d627cdf221d6,bda7abc9-c1a4-4f96-bb27-344e92a81426,False,False,False,True,2.8179874,3.111626,2.5044951,0.41633454,cup.blend,classes,table lamp,paper towel,"candle, taper, wax light",cup
77,-0.5,0,0.253,1.221111111111111,0.3,1.744444444444444,0.0,0.0,0.0,3.0,1.0,0.1,1.0,1.57,1.0,1.0,0.0,3.0,studioX_Stage.blend,9811e546-2851-47f6-abb1-3db3953cc616,2285d837-1fef-49aa-88fc-3ee109aa1b47,ac27b013-60e7-4903-9d68-6aeec22d53a2,4628ce56-e0af-4c4b-84cf-c29db9f811c9,False,False,False,True,3.5260754,3.8355768,3.0085447,0.31016535,cup.blend,classes,"rubber eraser, rubber, pencil eraser","lampshade, lamp shade","puck, hockey puck",cup
78,-0.5,0,0.253,1.221111111111111,0.3,2.4422222222222216,0.0,0.0,0.0,3.0,1.0,0.1,1.0,1.57,1.0,1.0,0.0,3.0,studioX_Stage.blend,022c0147-6e7b-4186-a324-d096af41ad09,70aa8335-7404-49b9-9cef-f449468582d9,8f0f7db0-3178-45c6-9bfa-736e809e95f5,9d757dbe-8a2a-4205-ab67-8ec51735d308,False,False,False,True,3.6261616,3.8241904,4.168026,0.4018853,cup.blend,classes,banana,"lampshade, lamp shade",banana,cup
79,-0.5,0,0.253,1.221111111111111,0.3,3.14,0.0,0.0,0.0,3.0,1.0,0.1,1.0,1.57,1.0,1.0,0.0,3.0,studioX_Stage.blend,dbe45b5a-0a7e-4348-af1a-50880a84ac1c,cc9eed79-2cd1-4e69-949e-2ec5e6915725,566f17d8-c532-4ad8-9c0d-8cba067a5188,265fc2f0-72de-4190-87ac-870dc702124a,True,False,False,True,2.7007565,2.9901743,3.1290972,0.20539172,cup.blend,classes,cup,paper towel,red wine,cup
80,-0.5,0,0.253,1.3955555555555554,0.3,-3.14,0.0,0.0,0.0,3.0,1.0,0.1,1.0,1.57,1.0,1.0,0.0,3.0,studioX_Stage.blend,cf27ffdb-4d99-4b39-8c21-7d9cdbd20b9a,7f84eea4-7cc5-47ab-b726-f5a3f8834698,2586f41b-7e96-4076-9f83-be8774a78b1e,dd49eca6-5ff6-4a84-882d-43428340c440,False,False,False,True,4.049707,5.038548,8.146993,0.18126325,cup.blend,classes,hatchet,"puck, hockey puck","puck, hockey puck",cup
81,-0.5,0,0.253,1.3955555555555554,0.3,-2.4422222222222225,0.0,0.0,0.0,3.0,1.0,0.1,1.0,1.57,1.0,1.0,0.0,3.0,studioX_Stage.blend,ac722ec8-c1ff-4e3b-8c56-158e88b5fb58,f164dace-3dc5-44ee-bdeb-f804bb6ef2e7,6880f719-062a-49a2-b7de-92acd9bac8d2,49f376ef-977f-47a0-98e1-84bb24b314c3,False,False,False,True,4.0368233,5.4605565,7.3354883,1.0377911,cup.blend,classes,pencil sharpener,"puck, hockey puck","puck, hockey puck",cup
82,-0.5,0,0.253,1.3955555555555554,0.3,-1.7444444444444447,0.0,0.0,0.0,3.0,1.0,0.1,1.0,1.57,1.0,1.0,0.0,3.0,studioX_Stage.blend,738597df-a733-45e6-ac44-4602e3193522,4a3fd2e5-904a-4abb-b3e8-b8b2d2a7ffec,e3ae357c-c4cd-4e2d-8c26-bbe80af040bd,a6ce599a-aed1-4cac-9cc4-dec346d32c26,False,False,False,True,4.127243,5.561946,9.505175,1.316291,cup.blend,classes,hatchet,"puck, hockey puck","puck, hockey puck",cup
83,-0.5,0,0.253,1.3955555555555554,0.3,-1.0466666666666669,0.0,0.0,0.0,3.0,1.0,0.1,1.0,1.57,1.0,1.0,0.0,3.0,studioX_Stage.blend,db84f4f7-9ddf-4cbc-aefc-95be90ab34c9,822ba31b-9865-4e7f-b1ea-1aa1d0396240,dc123a48-ce01-4778-8cc4-cf8bd203ebb7,02209fd9-7c47-4676-b910-421230263ec8,False,False,False,False,4.9824715,3.5022712,4.672857,2.7641835,cup.blend,classes,safety pin,paper towel,"puck, hockey puck","washbasin, handbasin, washbowl, lavabo, wash-hand basin"
84,-0.5,0,0.253,1.3955555555555554,0.3,-0.34888888888888925,0.0,0.0,0.0,3.0,1.0,0.1,1.0,1.57,1.0,1.0,0.0,3.0,studioX_Stage.blend,7ed022ae-3c17-4b3f-ae3e-c0676d41ce59,3f74b392-645c-40b5-a85d-500a048ea44e,5fd80c35-39ea-415b-bf7e-101c11f4248b,6d698d28-8b05-4d63-93b8-59e164df478c,False,False,False,True,5.2995596,3.9874215,4.3493114,1.5631052,cup.blend,classes,"hook, claw",paper towel,"puck, hockey puck",cup
85,-0.5,0,0.253,1.3955555555555554,0.3,0.34888888888888925,0.0,0.0,0.0,3.0,1.0,0.1,1.0,1.57,1.0,1.0,0.0,3.0,studioX_Stage.blend,bb292b43-3909-4957-8ea5-7ca4df9b8c4c,3a163a9c-7933-4817-8568-54225450847e,1d6778c7-3daf-4251-8fb4-91e8ad949d5e,8f3d6d8c-3ef9-4c87-bd12-5347b16c6422,False,False,False,True,4.988903,3.8736217,4.4676995,0.7155493,cup.blend,classes,"hook, claw","puck, hockey puck","puck, hockey puck",cup
86,-0.5,0,0.253,1.3955555555555554,0.3,1.0466666666666664,0.0,0.0,0.0,3.0,1.0,0.1,1.0,1.57,1.0,1.0,0.0,3.0,studioX_Stage.blend,93b35b34-9b4c-4e0a-831f-74e261bac11d,5cdb2a49-74ed-4ea7-8239-75563d9af87f,0f5f3883-7bdf-4b4e-a71e-08ad1da8edc4,a0dccb71-de42-49bb-bc6c-3dacd723de69,False,False,False,False,4.216441,3.3299937,3.7568164,2.8309753,cup.blend,classes,safety pin,paper towel,"puck, hockey puck","washbasin, handbasin, washbowl, lavabo, wash-hand basin"
87,-0.5,0,0.253,1.3955555555555554,0.3,1.744444444444444,0.0,0.0,0.0,3.0,1.0,0.1,1.0,1.57,1.0,1.0,0.0,3.0,studioX_Stage.blend,e858737b-d270-45b4-8b53-76bbff45d0dc,461f81c5-5735-4d8a-84aa-6eb412887995,78e83a43-cc7f-413a-9f6c-a221146c8c18,a17c12a2-24dd-49cc-befe-1bb9e7a5e24c,False,False,False,True,4.4153757,5.5417423,9.42717,0.5800912,cup.blend,classes,hatchet,"puck, hockey puck","puck, hockey puck",cup
88,-0.5,0,0.253,1.3955555555555554,0.3,2.4422222222222216,0.0,0.0,0.0,3.0,1.0,0.1,1.0,1.57,1.0,1.0,0.0,3.0,studioX_Stage.blend,286695ff-b5d6-4417-97de-4066e889e281,10c6f174-f6b0-4d74-bf8e-acd5951df148,79337de0-7efe-43c5-8aa9-782794b68024,85e941d0-c005-4d84-935c-8ae8402ae009,False,False,False,True,4.026564,5.7123303,8.5952425,0.37086222,cup.blend,classes,pencil sharpener,"puck, hockey puck","puck, hockey puck",cup
89,-0.5,0,0.253,1.3955555555555554,0.3,3.14,0.0,0.0,0.0,3.0,1.0,0.1,1.0,1.57,1.0,1.0,0.0,3.0,studioX_Stage.blend,7ab58fcf-9f24-4cc6-8921-905bf8566e8d,c37a5604-e5ea-4ec7-946a-b547720bd6ac,7183dbdd-3a90-462c-a197-ca90c2fba7a9,a8ae7ea3-1977-4ee4-9693-3cac62daaca3,False,False,False,True,4.0416164,5.0212755,8.172362,0.17819601,cup.blend,classes,hatchet,"puck, hockey puck","puck, hockey puck",cup
90,-0.5,0,0.253,1.57,0.3,-3.14,0.0,0.0,0.0,3.0,1.0,0.1,1.0,1.57,1.0,1.0,0.0,3.0,studioX_Stage.blend,c6da1f6c-ea43-461a-8248-13dd3da46380,1b6db4fb-b075-4480-9d3f-99e5bb338ca9,f49fe8a3-61b2-41df-b909-6573254266e7,1c85f17f-4338-4da9-a780-5ae8f0f3ae92,False,False,False,True,4.0874224,3.9867246,5.4269576,0.12037209,cup.blend,classes,matchstick,"puck, hockey puck","puck, hockey puck",cup
91,-0.5,0,0.253,1.57,0.3,-2.4422222222222225,0.0,0.0,0.0,3.0,1.0,0.1,1.0,1.57,1.0,1.0,0.0,3.0,studioX_Stage.blend,7d273b4d-4178-4d79-8bcb-ee5ef0d1c8fc,5fd94268-4f10-436f-9a18-e612dc03ecc4,ff221ea0-651a-4a22-ab1e-edd0a71faefa,f5f7bef4-6663-4f32-bec3-b686db75362f,False,False,False,True,3.9785376,3.9091349,5.4759865,1.3590436,cup.blend,classes,matchstick,"puck, hockey puck","puck, hockey puck",cup
92,-0.5,0,0.253,1.57,0.3,-1.7444444444444447,0.0,0.0,0.0,3.0,1.0,0.1,1.0,1.57,1.0,1.0,0.0,3.0,studioX_Stage.blend,075767b5-f714-4a64-b572-7494d12f4a68,45e9bf8b-8156-43f6-b5f0-df34872c135e,512c0bc0-d287-4657-9850-37bc51329b4c,3af647c6-397e-4b34-96cb-276d7df2130f,False,False,False,False,4.0576515,4.1336727,5.6035147,1.7016016,cup.blend,classes,matchstick,"puck, hockey puck","puck, hockey puck",table lamp
93,-0.5,0,0.253,1.57,0.3,-1.0466666666666669,0.0,0.0,0.0,3.0,1.0,0.1,1.0,1.57,1.0,1.0,0.0,3.0,studioX_Stage.blend,3c05773f-ca6c-43fb-92cf-ab239c2cecdb,4b1ee1ca-76d2-427c-a90a-2a3cd9d2c24a,62c164ba-af62-4896-8516-2ee1507b0dcd,b9e8cdc2-475c-47f4-b30a-b470b4440e3b,False,False,False,False,8.166052,7.7130394,8.293333,4.109763,cup.blend,classes,"letter opener, paper knife, paperknife","letter opener, paper knife, paperknife","letter opener, paper knife, paperknife","washbasin, handbasin, washbowl, lavabo, wash-hand basin"
94,-0.5,0,0.253,1.57,0.3,-0.34888888888888925,0.0,0.0,0.0,3.0,1.0,0.1,1.0,1.57,1.0,1.0,0.0,3.0,studioX_Stage.blend,dbe8fe77-7a93-4fdc-b518-548894c2a4ba,0c1c5079-c045-4a72-bd21-d9e59fa19603,578000d5-0fa4-4536-878c-3b954331cc0f,ee2e4300-21c6-4e37-857f-c858bb6af948,False,False,False,False,7.4691725,6.5032954,7.411984,2.6626465,cup.blend,classes,"letter opener, paper knife, paperknife","file, file cabinet, filing cabinet","airship, dirigible","switch, electric switch, electrical switch"
95,-0.5,0,0.253,1.57,0.3,0.34888888888888925,0.0,0.0,0.0,3.0,1.0,0.1,1.0,1.57,1.0,1.0,0.0,3.0,studioX_Stage.blend,4b1ad825-c1de-4ba9-b460-d7ea576b837d,f76b775c-c61c-4bb3-9b09-2edc2a5858eb,314d5c12-64e4-441e-b274-01ee4deab37f,e910e10c-5f18-4bcc-bc4f-e279b523b20d,False,False,False,False,7.045929,6.2581263,7.1039066,2.9295297,cup.blend,classes,"letter opener, paper knife, paperknife","file, file cabinet, filing cabinet","slide rule, slipstick","switch, electric switch, electrical switch"
96,-0.5,0,0.253,1.57,0.3,1.0466666666666664,0.0,0.0,0.0,3.0,1.0,0.1,1.0,1.57,1.0,1.0,0.0,3.0,studioX_Stage.blend,e218a28c-afcf-4335-8617-d65fc5a66ab8,47030946-7351-411f-b969-b259c98c23dd,cc1d811e-7b20-4f1e-8028-44b30a77cbb0,3438f70a-130b-454e-a288-238e1f4d5613,False,False,False,True,8.733902,8.260057,8.127591,1.9296328,cup.blend,classes,"letter opener, paper knife, paperknife",matchstick,syringe,cup
97,-0.5,0,0.253,1.57,0.3,1.744444444444444,0.0,0.0,0.0,3.0,1.0,0.1,1.0,1.57,1.0,1.0,0.0,3.0,studioX_Stage.blend,2bd00734-fdb5-4e0c-8a50-90afa0d72451,9251de7d-c1c1-4a2f-917e-d082df386ee6,b7cae6c8-a201-47c3-bd50-c79706ca0520,36940828-7559-4db6-b9b4-158205cfc595,False,False,False,True,3.993241,4.1811533,5.594107,0.71498597,cup.blend,classes,matchstick,table lamp,"puck, hockey puck",cup
98,-0.5,0,0.253,1.57,0.3,2.4422222222222216,0.0,0.0,0.0,3.0,1.0,0.1,1.0,1.57,1.0,1.0,0.0,3.0,studioX_Stage.blend,d5f3dcfd-ee04-4275-a74c-c152d093c808,c3be2dbf-693f-4ece-8000-e10bd57018ad,d6b8458f-5a18-4135-a6e3-91efc87924ca,5f760634-e4ae-4a5c-9090-aaa215aaf210,False,False,False,True,3.994444,3.8742957,5.441467,0.6119763,cup.blend,classes,matchstick,"puck, hockey puck","puck, hockey puck",cup
99,-0.5,0,0.253,1.57,0.3,3.14,0.0,0.0,0.0,3.0,1.0,0.1,1.0,1.57,1.0,1.0,0.0,3.0,studioX_Stage.blend,e61953ad-12ab-4132-8cc8-525de57e7dbf,191785c1-c8f3-460b-8e9b-1ddeadcc16f6,cf9427d7-83ad-4cc7-8275-faa0e100a821,b594496e-5448-4ef3-b890-5000e43cc8ee,False,False,False,True,4.06362,3.9514978,5.39554,0.1115767,cup.blend,classes,matchstick,"puck, hockey puck","puck, hockey puck",cup
