,HazeControl.haze_depth,HazeControl.haze_fac,HazeControl.haze_falloff,HazeControl.haze_start,OrbitingCameraControl.object_x,OrbitingCameraControl.object_y,OrbitingCameraControl.object_z,OrbitingCameraControl.phi,OrbitingCameraControl.radius,OrbitingCameraControl.theta,RainControl.drop_size,RainControl.n_layers_of_rain,RainControl.seed,RainControl.speed,SunControl.air,SunControl.altitude,SunControl.background_strength,SunControl.dust,SunControl.elevation,SunControl.intensity,SunControl.ozone,SunControl.rotation,SunControl.size,environment,id_l2_3_0,id_linf_4,id_linf_8,id_non_rob,is_correct_l2_3_0,is_correct_linf_4,is_correct_linf_8,is_correct_non_rob,loss_l2_3_0,loss_linf_4,loss_linf_8,loss_non_rob,model,output_type,prediction_l2_3_0,prediction_linf_4,prediction_linf_8,prediction_non_rob
0,10.0,0.0,QUADRATIC,0.5,-0.5,0,0.253,1.396,40,1.886,0.2,0,1,0.5,3.0,1.0,0.1,1.0,0.0,1.0,1.0,0.0,3.0,simple_ocean.blend,d3602ef6-46a6-4913-8908-c6e021a6ef5b,9f13f97d-7366-4bd1-ad2a-202e43ab723c,400e1c5d-62fb-417d-bcd3-934beb9ce3e6,9861924a-aedf-481e-8b58-0770f13fdeb0,False,False,False,True,6.158595,6.027652,6.5563416,4.000903,tugboat_1.blend,classes,"bell cote, bell cot","bell cote, bell cot","beacon, lighthouse, beacon light, pharos","container ship, containership, container vessel"
1,10.0,0.0,QUADRATIC,0.5,-0.5,0,0.253,1.396,40,1.886,0.2,1,1,0.5,3.0,1.0,0.1,1.0,0.0,1.0,1.0,0.0,3.0,simple_ocean.blend,8e1c3c10-6d1e-4488-944e-331270e51431,79a60dda-8936-4a41-ad71-8dbe6365743e,63eaca33-2ebb-4e9f-bd78-9da9b3ee93c8,a4031aac-aa36-40cd-bd6b-f13d0eeeed6a,False,False,False,False,5.812496,5.3320765,6.3452253,5.812892,tugboat_1.blend,classes,"bell cote, bell cot","bell cote, bell cot","beacon, lighthouse, beacon light, pharos","theater curtain, theatre curtain"
2,10.0,0.0,QUADRATIC,0.5,-0.5,0,0.253,1.396,40,1.886,0.2,2,1,0.5,3.0,1.0,0.1,1.0,0.0,1.0,1.0,0.0,3.0,simple_ocean.blend,da538f4d-d9b4-4b2b-861e-a3a6742ea3e9,2911bce2-0a9f-4cc2-b002-b235386653ef,c74b06d5-d750-48ff-ab26-eaa4ab496f5f,0992634c-b80d-4a79-8ec7-ef0c3f8e7099,False,True,False,False,5.3845873,4.941938400000001,5.903,6.3554735,tugboat_1.blend,classes,birdhouse,"container ship, containership, container vessel","beacon, lighthouse, beacon light, pharos","theater curtain, theatre curtain"
3,10.0,0.075,QUADRATIC,0.5,-0.5,0,0.253,1.396,40,1.886,0.2,0,1,0.5,3.0,1.0,0.1,1.0,0.0,1.0,1.0,0.0,3.0,simple_ocean.blend,95355a27-1928-41a3-9665-f80267490136,8d2dff07-c079-4cf6-838d-b4b865190693,92ec6c22-a8ca-4509-8d6c-64cc768cbf67,5612df67-9b7a-4cce-9d06-1d10383f7472,False,False,False,True,5.6662807,5.220956,6.3423944,4.2435527,tugboat_1.blend,classes,birdhouse,"beacon, lighthouse, beacon light, pharos","beacon, lighthouse, beacon light, pharos","container ship, containership, container vessel"
4,10.0,0.075,QUADRATIC,0.5,-0.5,0,0.253,1.396,40,1.886,0.2,1,1,0.5,3.0,1.0,0.1,1.0,0.0,1.0,1.0,0.0,3.0,simple_ocean.blend,f62f91b7-47cf-4270-b7ac-c05385155a35,57e31771-259e-4c1e-a95f-cdcfabbbd0a4,bfdbfa7b-4fbd-4dba-8bcb-da77f3d18ec7,52d5aafe-0acc-450d-adb3-fb13de88953c,True,True,False,False,4.6270546999999995,4.5698953,5.8679084999999995,5.785902,tugboat_1.blend,classes,"container ship, containership, container vessel","container ship, containership, container vessel","beacon, lighthouse, beacon light, pharos","dam, dike, dyke"
5,10.0,0.075,QUADRATIC,0.5,-0.5,0,0.253,1.396,40,1.886,0.2,2,1,0.5,3.0,1.0,0.1,1.0,0.0,1.0,1.0,0.0,3.0,simple_ocean.blend,5076d172-bbbb-41dc-adc3-47d0f6086703,7cf96cb6-0ed6-4ebf-b7bb-bac42e6f7a96,682950dd-4435-4702-9332-e9029c021f4b,52baa241-da34-4077-9218-fd5200b50c69,False,False,False,False,8.16705,5.841938,6.094338,7.1766496,tugboat_1.blend,classes,harp,harp,"pay-phone, pay-station","dam, dike, dyke"
6,10.0,0.15,QUADRATIC,0.5,-0.5,0,0.253,1.396,40,1.886,0.2,0,1,0.5,3.0,1.0,0.1,1.0,0.0,1.0,1.0,0.0,3.0,simple_ocean.blend,8f65a8ae-0bfe-4e5b-9019-7d5e73cc2a25,139230f6-d98d-488f-b820-bb66ea17f410,28280c82-c8ed-4170-a871-41d45d0de553,e413d858-1c80-4e9a-b750-d243267ffec9,False,True,False,True,3.8818467000000005,4.6447650000000005,4.9055605,4.0793669999999995,tugboat_1.blend,classes,"beacon, lighthouse, beacon light, pharos","container ship, containership, container vessel","aircraft carrier, carrier, flattop, attack aircraft carrier","container ship, containership, container vessel"
7,10.0,0.15,QUADRATIC,0.5,-0.5,0,0.253,1.396,40,1.886,0.2,1,1,0.5,3.0,1.0,0.1,1.0,0.0,1.0,1.0,0.0,3.0,simple_ocean.blend,23828cb6-3998-453c-9a1a-3e98d43bc326,94117ce8-9e0d-4a04-8544-d2eb95a44ae3,42195de3-4bb2-48f5-a7e3-a91d1382c9ba,dd3acdd6-c8ae-4275-ad56-d36743e4ff5a,False,True,False,False,5.021815,4.799905,5.4424562000000005,7.025167,tugboat_1.blend,classes,"jean, blue jean, denim","container ship, containership, container vessel",beaker,mosquito net
8,10.0,0.15,QUADRATIC,0.5,-0.5,0,0.253,1.396,40,1.886,0.2,2,1,0.5,3.0,1.0,0.1,1.0,0.0,1.0,1.0,0.0,3.0,simple_ocean.blend,83684ca9-91f7-4e0a-a021-55c62e980113,439fbe53-80df-4185-a333-7cc065d35c4a,46420428-2dfc-47ef-8a53-c3163e07981f,6fe2044d-91c4-436f-a9c5-3f4f0be88f74,False,False,False,False,8.693394999999999,7.9176660000000005,8.443914999999999,7.2712946,tugboat_1.blend,classes,"jean, blue jean, denim",shower curtain,shower curtain,"dam, dike, dyke"
9,10.0,0.22499999999999998,QUADRATIC,0.5,-0.5,0,0.253,1.396,40,1.886,0.2,0,1,0.5,3.0,1.0,0.1,1.0,0.0,1.0,1.0,0.0,3.0,simple_ocean.blend,681aa82a-fd6c-4669-bece-62c82adb2fc1,21482dba-27ec-484a-8429-6c06e9c3775e,cafbf90a-189f-45ef-9527-2e66f6ede8ec,59ac0bde-23b1-41a1-b6aa-08149bffc8c2,True,True,False,False,4.093254,4.6211405,5.6743026,4.496667400000001,tugboat_1.blend,classes,"container ship, containership, container vessel","container ship, containership, container vessel",beaker,"tank, army tank, armored combat vehicle, armoured combat vehicle"
10,10.0,0.22499999999999998,QUADRATIC,0.5,-0.5,0,0.253,1.396,40,1.886,0.2,1,1,0.5,3.0,1.0,0.1,1.0,0.0,1.0,1.0,0.0,3.0,simple_ocean.blend,c0ded87e-23b7-4c89-8458-92da2c0f9df9,aa56b460-bbac-4e44-9689-d492f6be25cc,23b96c61-0db4-426d-aba1-65fc9f5968d0,67d7397e-ea64-4406-8ec8-434be253c585,False,False,False,False,7.856161999999999,5.831702,7.359972999999999,8.214279,tugboat_1.blend,classes,mosquito net,shower curtain,beaker,mosquito net
11,10.0,0.22499999999999998,QUADRATIC,0.5,-0.5,0,0.253,1.396,40,1.886,0.2,2,1,0.5,3.0,1.0,0.1,1.0,0.0,1.0,1.0,0.0,3.0,simple_ocean.blend,b716cf28-5b83-4134-9c75-1e91c53c53e4,5cd3d153-1926-4088-b5ad-8c3f6f5a2fc3,a694daa0-7205-483e-aa59-e8f6628aa78a,4fd3c9d0-d5f9-4f83-80b4-d223a00fb431,False,False,False,False,9.130899000000001,9.388372,7.398847999999999,7.593638,tugboat_1.blend,classes,mosquito net,shower curtain,shower curtain,"dam, dike, dyke"
12,10.0,0.3,QUADRATIC,0.5,-0.5,0,0.253,1.396,40,1.886,0.2,0,1,0.5,3.0,1.0,0.1,1.0,0.0,1.0,1.0,0.0,3.0,simple_ocean.blend,b0abb3bf-18c4-4e85-866d-019d2a5802e8,5539ee07-abef-4d2f-8257-841d94ce7fa8,ae35fe2b-fb67-419e-a1eb-432bbd55a924,a61b4c98-b52b-4d57-8489-1ae0e0db8d48,False,True,False,False,5.998473000000001,4.8418965,6.259467,4.1534405,tugboat_1.blend,classes,nipple,"container ship, containership, container vessel",beaker,"tank, army tank, armored combat vehicle, armoured combat vehicle"
13,10.0,0.3,QUADRATIC,0.5,-0.5,0,0.253,1.396,40,1.886,0.2,1,1,0.5,3.0,1.0,0.1,1.0,0.0,1.0,1.0,0.0,3.0,simple_ocean.blend,0d979610-1335-4a84-81a2-8b9fa42af2aa,7a41ad61-093b-4ca4-979d-c5c7466fb33f,38b6d70f-f08b-434d-ae54-ddca31691eb3,d6f52233-e887-4077-b107-16f61fabc05e,False,False,False,False,7.4218649999999995,6.754768400000001,5.4294515,8.451416,tugboat_1.blend,classes,mosquito net,beaker,wing,mosquito net
14,10.0,0.3,QUADRATIC,0.5,-0.5,0,0.253,1.396,40,1.886,0.2,2,1,0.5,3.0,1.0,0.1,1.0,0.0,1.0,1.0,0.0,3.0,simple_ocean.blend,93db9e05-739e-425a-a145-4cc6059843c1,c0d94b29-9d06-44f8-948b-58deb0246bca,c48a6e9d-c427-4ec9-8c89-7e50c58b9444,8b282274-13d8-4b5d-9c4c-bb35caab3ac3,False,False,False,False,7.8700247,7.950963000000001,5.569765,7.598857000000001,tugboat_1.blend,classes,mosquito net,shower curtain,nipple,"dam, dike, dyke"
15,10.0,0.0,QUADRATIC,0.5,-0.5,0,0.253,1.396,40,1.886,0.2,0,1,0.5,3.0,1.0,0.1,1.0,0.785,1.0,1.0,0.0,3.0,simple_ocean.blend,96afc983-07df-466b-a50d-01702a49108b,ae32f9c6-403c-49f5-bdfd-6fe0be0d0d03,761b9f9f-e1e5-4e26-8226-4ecc481bda0e,55fce9be-c9aa-4116-a59c-d2c835100556,False,False,False,True,4.078457,4.721514,5.274068,3.8992317,tugboat_1.blend,classes,"submarine, pigboat, sub, U-boat","submarine, pigboat, sub, U-boat","beacon, lighthouse, beacon light, pharos",fireboat
16,10.0,0.0,QUADRATIC,0.5,-0.5,0,0.253,1.396,40,1.886,0.2,1,1,0.5,3.0,1.0,0.1,1.0,0.785,1.0,1.0,0.0,3.0,simple_ocean.blend,7c81bf0a-50fd-4efe-9aad-2cdfcee7dcee,f67a51d6-d6eb-4ede-8c4d-ef0b0e96c927,79e6388a-b536-4007-b3e7-c541c0d0e14f,e0b51bf1-bf75-4fd8-b986-0be3e8c3edd3,False,False,False,False,4.3096437000000005,4.657986599999999,4.880912,4.5221515,tugboat_1.blend,classes,"submarine, pigboat, sub, U-boat","submarine, pigboat, sub, U-boat","submarine, pigboat, sub, U-boat","breakwater, groin, groyne, mole, bulwark, seawall, jetty"
17,10.0,0.0,QUADRATIC,0.5,-0.5,0,0.253,1.396,40,1.886,0.2,2,1,0.5,3.0,1.0,0.1,1.0,0.785,1.0,1.0,0.0,3.0,simple_ocean.blend,70a848f7-8abc-4ff5-9ab4-8cf19a710cd9,5cca3278-b843-4358-9e9c-c8786c6912b6,427815c0-c152-4b7b-8a04-b505ae3371ab,0224c2aa-f3b3-482f-8a32-cc91726b3ea8,False,False,False,False,5.1351976,5.137956,5.028115000000001,5.5701547,tugboat_1.blend,classes,"submarine, pigboat, sub, U-boat","submarine, pigboat, sub, U-boat","submarine, pigboat, sub, U-boat","dam, dike, dyke"
18,10.0,0.075,QUADRATIC,0.5,-0.5,0,0.253,1.396,40,1.886,0.2,0,1,0.5,3.0,1.0,0.1,1.0,0.785,1.0,1.0,0.0,3.0,simple_ocean.blend,772880aa-8b72-4d18-9c5b-19ec083d4dd8,ab87ca03-12a7-4502-adc8-f076ea154a51,0eb943de-b70d-4c62-97b4-af2d4b801c1c,623a506c-f927-4625-96d4-2ac09cf3d7ac,False,False,False,False,4.1334349999999995,4.461973,4.294859400000001,3.6744760999999997,tugboat_1.blend,classes,"submarine, pigboat, sub, U-boat","submarine, pigboat, sub, U-boat","submarine, pigboat, sub, U-boat","drilling platform, offshore rig"
19,10.0,0.075,QUADRATIC,0.5,-0.5,0,0.253,1.396,40,1.886,0.2,1,1,0.5,3.0,1.0,0.1,1.0,0.785,1.0,1.0,0.0,3.0,simple_ocean.blend,cdc3cd01-7931-4209-82bd-3723015e9a9f,bc608447-fa14-4a34-9de4-ca9020cc4b16,bd87a7f4-56cc-4638-beab-b07cd662a93d,f34cf18c-07c6-4ca4-9382-f1f04678e6b3,False,False,False,False,4.9782324000000004,4.810392,4.5238547,4.315792,tugboat_1.blend,classes,"submarine, pigboat, sub, U-boat","submarine, pigboat, sub, U-boat","submarine, pigboat, sub, U-boat","breakwater, groin, groyne, mole, bulwark, seawall, jetty"
20,10.0,0.075,QUADRATIC,0.5,-0.5,0,0.253,1.396,40,1.886,0.2,2,1,0.5,3.0,1.0,0.1,1.0,0.785,1.0,1.0,0.0,3.0,simple_ocean.blend,931fef00-346f-4418-ada7-1397d185cfb3,7205874c-00d8-4928-8054-e3880322b15c,9a13815e-6525-41f6-af62-2c1d3bf6cf4a,3f527560-14c3-4366-8227-4e70a2f2c661,False,False,False,False,6.034366,5.542257,5.396446,5.083399299999999,tugboat_1.blend,classes,"submarine, pigboat, sub, U-boat","submarine, pigboat, sub, U-boat","submarine, pigboat, sub, U-boat","dam, dike, dyke"
21,10.0,0.15,QUADRATIC,0.5,-0.5,0,0.253,1.396,40,1.886,0.2,0,1,0.5,3.0,1.0,0.1,1.0,0.785,1.0,1.0,0.0,3.0,simple_ocean.blend,6fb6986c-c2ef-4948-80cc-2a1844bc53bc,5b7008e1-04fb-430c-99a3-003e5c26088d,88084848-0cdd-4ec6-9176-b4a18884eebb,084827e6-ef07-44fd-98c8-ab64eacf45c9,False,False,False,True,4.3468599999999995,4.575471,4.523097,3.4869301,tugboat_1.blend,classes,"submarine, pigboat, sub, U-boat","submarine, pigboat, sub, U-boat","submarine, pigboat, sub, U-boat","container ship, containership, container vessel"
22,10.0,0.15,QUADRATIC,0.5,-0.5,0,0.253,1.396,40,1.886,0.2,1,1,0.5,3.0,1.0,0.1,1.0,0.785,1.0,1.0,0.0,3.0,simple_ocean.blend,2d0ba37e-19ce-4225-814a-b2ac865c5a01,db35c07f-ac6b-4d6d-bcae-b293c2dda2a1,48273d2c-0cd3-4271-8c12-27c6a5b2887c,5c03a1e4-b628-461c-b514-cee49cc8006c,False,False,False,True,5.458534200000001,4.808212,4.76178,4.077099,tugboat_1.blend,classes,"submarine, pigboat, sub, U-boat","submarine, pigboat, sub, U-boat","submarine, pigboat, sub, U-boat",fireboat
23,10.0,0.15,QUADRATIC,0.5,-0.5,0,0.253,1.396,40,1.886,0.2,2,1,0.5,3.0,1.0,0.1,1.0,0.785,1.0,1.0,0.0,3.0,simple_ocean.blend,e5f41540-99a7-4dad-92b6-d1f3741ae6c8,0efcf605-1577-48d7-aa4c-25bd897373c5,84480a33-47f7-4ccd-a679-9505f24cfd07,65dd50c0-675c-4b49-96d3-1dd5f5b41984,False,False,False,False,6.3642626,5.4869533,5.3475804,5.3292017,tugboat_1.blend,classes,"submarine, pigboat, sub, U-boat","submarine, pigboat, sub, U-boat","submarine, pigboat, sub, U-boat","dam, dike, dyke"
24,10.0,0.22499999999999998,QUADRATIC,0.5,-0.5,0,0.253,1.396,40,1.886,0.2,0,1,0.5,3.0,1.0,0.1,1.0,0.785,1.0,1.0,0.0,3.0,simple_ocean.blend,4bc2e93e-0adf-4096-8718-5c769a7e03cf,79362cef-9de0-4dbd-ae7a-189049d75090,5c5ce1ab-a9b2-47ed-a15a-48950b59aa3f,514d5f1b-1020-4663-8e7c-298d8513b670,False,False,False,True,4.2931137,4.5102983,4.521229,3.2774787000000005,tugboat_1.blend,classes,"submarine, pigboat, sub, U-boat","aircraft carrier, carrier, flattop, attack aircraft carrier","submarine, pigboat, sub, U-boat","container ship, containership, container vessel"
25,10.0,0.22499999999999998,QUADRATIC,0.5,-0.5,0,0.253,1.396,40,1.886,0.2,1,1,0.5,3.0,1.0,0.1,1.0,0.785,1.0,1.0,0.0,3.0,simple_ocean.blend,b963ee6c-b777-4f5d-8ab5-2c50d43b61dc,add2fdbf-e766-4cb6-9031-9893d2fce21d,ce8c7d99-104c-4e8e-92ee-ccf2d1a12f9f,eb99484b-ac6b-45e1-b302-d628b4d5412f,False,True,True,True,5.928303700000001,4.8286066,4.903266,3.8873737,tugboat_1.blend,classes,"snowplow, snowplough","container ship, containership, container vessel",fireboat,fireboat
26,10.0,0.22499999999999998,QUADRATIC,0.5,-0.5,0,0.253,1.396,40,1.886,0.2,2,1,0.5,3.0,1.0,0.1,1.0,0.785,1.0,1.0,0.0,3.0,simple_ocean.blend,2cea33a1-04d4-494c-9d32-868d73c25222,afd3a2ba-a33f-422e-8625-428fb1a9959b,9eccecc4-28d0-4169-8763-e4bd644881cc,b274962e-b9c1-4657-a11c-c7e4e71e009c,False,False,False,False,7.617297,6.751410000000001,5.877089499999999,5.6049643,tugboat_1.blend,classes,shower curtain,shower curtain,nipple,mosquito net
27,10.0,0.3,QUADRATIC,0.5,-0.5,0,0.253,1.396,40,1.886,0.2,0,1,0.5,3.0,1.0,0.1,1.0,0.785,1.0,1.0,0.0,3.0,simple_ocean.blend,677c15f8-2bdb-487a-bf72-127809ed3fb0,4b222fae-f1ec-46af-86ca-9ced32639e96,3b011aa1-004f-4b57-9cb3-6ca2aa4f282a,485942a6-1a43-4788-ba43-f508c66ad2f8,False,True,True,True,5.3967943,4.855423,5.053853500000001,3.1704266,tugboat_1.blend,classes,nipple,"container ship, containership, container vessel",fireboat,"container ship, containership, container vessel"
28,10.0,0.3,QUADRATIC,0.5,-0.5,0,0.253,1.396,40,1.886,0.2,1,1,0.5,3.0,1.0,0.1,1.0,0.785,1.0,1.0,0.0,3.0,simple_ocean.blend,aa7503ef-00e0-4017-a524-2e4aee5441c7,c241562b-4a46-45b1-bd74-8d28760f3773,c47e4bbf-6efc-4d6c-9c4d-f388148d2d4d,737aeeb1-4cd5-48d6-a8f2-c25d4ac51b3a,False,False,False,False,6.418547,5.843636,5.368875,4.0998087,tugboat_1.blend,classes,nipple,beaker,nipple,"dam, dike, dyke"
29,10.0,0.3,QUADRATIC,0.5,-0.5,0,0.253,1.396,40,1.886,0.2,2,1,0.5,3.0,1.0,0.1,1.0,0.785,1.0,1.0,0.0,3.0,simple_ocean.blend,c8cb204e-6974-4759-99b9-3e0a06be0030,d0f7c8f8-ffa3-4e21-9c4a-1b36b1f99356,86b7a832-3330-42b7-8fbf-f77f5f4d3acb,5b9aeb49-0f68-42e8-9878-0dbc07a15614,False,False,False,False,7.1322470000000004,7.1593466,5.8605003,6.105951999999999,tugboat_1.blend,classes,nipple,nipple,nipple,mosquito net
30,10.0,0.0,QUADRATIC,0.5,-0.5,0,0.253,1.396,40,1.886,0.2,0,1,0.5,3.0,1.0,0.1,1.0,1.57,1.0,1.0,0.0,3.0,simple_ocean.blend,3ca19e1b-c1b3-4f16-ad5d-8b20e6f8bbb7,24dabe74-7578-4f19-94ad-573ed181489c,b777a662-bea9-433e-99b4-18e7ef08ebc8,73934248-59f2-4ab6-b2ec-1fa3353292fd,False,False,False,True,3.6593049,4.448135400000001,5.1337237,4.0502577,tugboat_1.blend,classes,"submarine, pigboat, sub, U-boat","submarine, pigboat, sub, U-boat","beacon, lighthouse, beacon light, pharos",fireboat
31,10.0,0.0,QUADRATIC,0.5,-0.5,0,0.253,1.396,40,1.886,0.2,1,1,0.5,3.0,1.0,0.1,1.0,1.57,1.0,1.0,0.0,3.0,simple_ocean.blend,190abcc4-fc49-4f87-83ff-2af397b6586c,dd5abe20-64dd-437a-aff4-776795b29e51,fcaefaf7-970f-47fd-808a-dae1ef324ead,7c0d67b1-88e7-4899-9717-d9741fa6b07d,False,False,False,True,4.041285500000001,4.399773000000001,4.693179,4.3730150000000005,tugboat_1.blend,classes,"submarine, pigboat, sub, U-boat","submarine, pigboat, sub, U-boat","submarine, pigboat, sub, U-boat",fireboat
32,10.0,0.0,QUADRATIC,0.5,-0.5,0,0.253,1.396,40,1.886,0.2,2,1,0.5,3.0,1.0,0.1,1.0,1.57,1.0,1.0,0.0,3.0,simple_ocean.blend,540e9cef-270a-48ce-9e8e-fc624977a8f9,a6f3e563-a1ad-4e35-b3db-deb25e6c9b15,9e65789b-d7a0-4d7d-a2f2-bdae85eabb44,fefecbf9-8ce0-4ea5-b229-1ba3bf41fe93,False,False,False,False,4.8517103,4.8476906,4.580781,5.170473599999999,tugboat_1.blend,classes,"submarine, pigboat, sub, U-boat","submarine, pigboat, sub, U-boat","submarine, pigboat, sub, U-boat","dam, dike, dyke"
33,10.0,0.075,QUADRATIC,0.5,-0.5,0,0.253,1.396,40,1.886,0.2,0,1,0.5,3.0,1.0,0.1,1.0,1.57,1.0,1.0,0.0,3.0,simple_ocean.blend,52c7ed86-d0d5-4441-ad20-044098d00a6a,b84e164e-b569-42e7-9077-7367dab79389,4ca20ab8-02bd-46d3-8c59-6e4fc78f15a5,657ec16b-4c78-4935-9e85-bf1d7f48f660,False,False,False,True,3.6564572,4.0481896,4.1759014,3.6365418,tugboat_1.blend,classes,"submarine, pigboat, sub, U-boat","submarine, pigboat, sub, U-boat","submarine, pigboat, sub, U-boat",fireboat
34,10.0,0.075,QUADRATIC,0.5,-0.5,0,0.253,1.396,40,1.886,0.2,1,1,0.5,3.0,1.0,0.1,1.0,1.57,1.0,1.0,0.0,3.0,simple_ocean.blend,67d82cb5-ca7b-4e12-87e7-2cb64dfce455,2e7a66a7-e9fb-465f-85f3-35e2a9acbaf6,d6b37605-0571-4a60-85bb-016bcf572acc,ebc4c010-5df8-459e-9644-43eff88afdce,False,False,False,True,4.384548000000001,4.3172846,4.120458999999999,4.3737845,tugboat_1.blend,classes,"submarine, pigboat, sub, U-boat","submarine, pigboat, sub, U-boat","submarine, pigboat, sub, U-boat",fireboat
35,10.0,0.075,QUADRATIC,0.5,-0.5,0,0.253,1.396,40,1.886,0.2,2,1,0.5,3.0,1.0,0.1,1.0,1.57,1.0,1.0,0.0,3.0,simple_ocean.blend,6caad396-abe4-46c7-9d3d-9f8651348248,fede4ac8-9a93-42ca-944d-c2ac1ec6501a,a241ce62-04c3-4809-9f09-bbb48eb77335,80447055-f79e-47a4-8279-56742ca7ac7d,False,False,False,False,5.5278816,5.0319724,4.9535394,5.733766,tugboat_1.blend,classes,"submarine, pigboat, sub, U-boat","submarine, pigboat, sub, U-boat","submarine, pigboat, sub, U-boat",mosquito net
36,10.0,0.15,QUADRATIC,0.5,-0.5,0,0.253,1.396,40,1.886,0.2,0,1,0.5,3.0,1.0,0.1,1.0,1.57,1.0,1.0,0.0,3.0,simple_ocean.blend,3b3911e1-a520-4dea-a03e-870ac641e42f,bf19ce69-6302-4b3a-84c1-ef5b02f78771,9f175fd0-b31f-4db6-a864-83a8ac4bedcf,8797b43c-e815-4ac4-9169-c4d083eaaac8,False,False,False,True,3.7259312000000007,4.0524435,4.1305413,3.2911422,tugboat_1.blend,classes,"submarine, pigboat, sub, U-boat","submarine, pigboat, sub, U-boat","submarine, pigboat, sub, U-boat",fireboat
37,10.0,0.15,QUADRATIC,0.5,-0.5,0,0.253,1.396,40,1.886,0.2,1,1,0.5,3.0,1.0,0.1,1.0,1.57,1.0,1.0,0.0,3.0,simple_ocean.blend,a98f039c-b49b-4970-8ad3-b795631d9a2c,4d23b8cf-5f33-4715-96c2-813c1eac3fa2,23123b64-84c7-406e-8d38-f53a3bd4436a,9bce9954-498e-4caf-8d19-2af8c5401cd9,False,False,False,True,4.8227587,4.3134604,4.3954935,4.1055417,tugboat_1.blend,classes,"submarine, pigboat, sub, U-boat","submarine, pigboat, sub, U-boat","submarine, pigboat, sub, U-boat",fireboat
38,10.0,0.15,QUADRATIC,0.5,-0.5,0,0.253,1.396,40,1.886,0.2,2,1,0.5,3.0,1.0,0.1,1.0,1.57,1.0,1.0,0.0,3.0,simple_ocean.blend,d78ad6f1-ea97-48b2-86dd-02d8a31d637a,538e3a72-e438-47f5-9efd-b2fce67851ec,135c1261-b728-43cd-ad41-0c71d17140c5,a450572d-8f40-4f8a-8431-3d8c2fb9a894,False,False,False,False,6.0460587,5.5406830000000005,5.247699,6.882495,tugboat_1.blend,classes,"submarine, pigboat, sub, U-boat",shopping cart,"submarine, pigboat, sub, U-boat",mosquito net
39,10.0,0.22499999999999998,QUADRATIC,0.5,-0.5,0,0.253,1.396,40,1.886,0.2,0,1,0.5,3.0,1.0,0.1,1.0,1.57,1.0,1.0,0.0,3.0,simple_ocean.blend,c520884f-3f9c-4896-a80a-8c71e76731cb,175f8a9f-4f9b-452e-aa83-65010539c098,35f86a91-2235-4fe2-a9d8-268af57c7ff2,aac03d27-5fc4-4dda-bd49-de56e2dae628,False,True,False,True,3.9524155,4.1237383,4.337314599999999,3.0640087000000005,tugboat_1.blend,classes,"submarine, pigboat, sub, U-boat","container ship, containership, container vessel","liner, ocean liner",fireboat
40,10.0,0.22499999999999998,QUADRATIC,0.5,-0.5,0,0.253,1.396,40,1.886,0.2,1,1,0.5,3.0,1.0,0.1,1.0,1.57,1.0,1.0,0.0,3.0,simple_ocean.blend,b2b9d65c-ff10-4254-a5d1-a2a1a1f33ebb,24adfac6-6372-444a-a8c2-9b05e544c12f,09cacde0-ae19-4bc9-9cd2-9147058be690,e66671df-06b3-4ca0-82cc-dc52731379b7,False,False,True,True,5.564158,4.6590195,4.798595400000001,3.8351178,tugboat_1.blend,classes,"snowplow, snowplough","drilling platform, offshore rig",fireboat,fireboat
41,10.0,0.22499999999999998,QUADRATIC,0.5,-0.5,0,0.253,1.396,40,1.886,0.2,2,1,0.5,3.0,1.0,0.1,1.0,1.57,1.0,1.0,0.0,3.0,simple_ocean.blend,7fc7c386-0679-485b-8eb2-aa4fae68d2cc,56f7114f-3b33-4b68-a53b-69e81b834bd2,0e06d35e-78c7-4e5b-89df-25a9a2b78801,6e484b4d-03d5-44ad-a2e0-ee29e57d3d2d,False,False,False,False,7.724809,7.034733999999999,5.874639,7.214972,tugboat_1.blend,classes,shower curtain,shower curtain,nipple,mosquito net
42,10.0,0.3,QUADRATIC,0.5,-0.5,0,0.253,1.396,40,1.886,0.2,0,1,0.5,3.0,1.0,0.1,1.0,1.57,1.0,1.0,0.0,3.0,simple_ocean.blend,e1b19cee-aea6-4502-bb60-5551be3062a9,a15d2e73-1b52-4a66-995f-ddfe972055cd,8c4147f0-3f80-4622-ad80-aa92a60d0b68,8e56dd02-6c5c-4035-bb4e-7fed3e0af8e1,False,True,True,True,5.262666,4.6860456,5.018433,2.847626,tugboat_1.blend,classes,nipple,"container ship, containership, container vessel",fireboat,fireboat
43,10.0,0.3,QUADRATIC,0.5,-0.5,0,0.253,1.396,40,1.886,0.2,1,1,0.5,3.0,1.0,0.1,1.0,1.57,1.0,1.0,0.0,3.0,simple_ocean.blend,ae97f640-a311-417e-ae7d-46905b152827,ef9f1fa4-f5e7-4995-80a7-d918b59e05f3,50cacccb-b837-4921-9405-24e7eb4f5347,3cc20ceb-ca88-47b0-a325-5f63307f4513,False,False,False,False,6.463893,5.8825502,5.364039,4.3308816,tugboat_1.blend,classes,nipple,beaker,nipple,mosquito net
44,10.0,0.3,QUADRATIC,0.5,-0.5,0,0.253,1.396,40,1.886,0.2,2,1,0.5,3.0,1.0,0.1,1.0,1.57,1.0,1.0,0.0,3.0,simple_ocean.blend,11f6d9d6-8323-467c-aa91-8c901fb0ccc1,da47b6c1-7c5e-4e3c-b3a3-f9c44d900745,ec562925-e400-42b6-b939-60c54ef546cf,4f5015b6-f81f-4ee0-bf46-f4a17d0b8c3d,False,False,False,False,7.214477499999999,7.347347999999999,5.8589797,7.231026600000001,tugboat_1.blend,classes,nipple,nipple,nipple,mosquito net
45,10.0,0.0,QUADRATIC,0.5,-0.5,0,0.253,1.396,40,1.886,0.2,0,1,0.5,3.0,1.0,0.1,1.0,2.355,1.0,1.0,0.0,3.0,simple_ocean.blend,d020a166-6575-4bac-b3b1-21e218099b6a,d77f8258-f263-4daf-aa99-13dc25b97120,1413a343-df7b-453b-9559-fa94e9c71576,1d7ffa18-543e-40fc-9ccc-b331ad3d192d,False,False,False,True,6.7395005,6.146491999999999,7.032004400000001,3.9166577000000005,tugboat_1.blend,classes,"projectile, missile",cannon,cannon,fireboat
46,10.0,0.0,QUADRATIC,0.5,-0.5,0,0.253,1.396,40,1.886,0.2,1,1,0.5,3.0,1.0,0.1,1.0,2.355,1.0,1.0,0.0,3.0,simple_ocean.blend,311593cf-4c6f-4540-93e3-5feb9500b7a3,5a98305b-4be2-42c8-9d88-fb7b6bf6b4cd,dd434713-2a35-4104-99b6-92ba082575fc,f077b7c1-25c9-4533-9544-259785ae1f9b,False,False,False,False,5.4795370000000005,4.8822019999999995,4.957453299999999,4.8007,tugboat_1.blend,classes,"submarine, pigboat, sub, U-boat",cannon,cannon,pier
47,10.0,0.0,QUADRATIC,0.5,-0.5,0,0.253,1.396,40,1.886,0.2,2,1,0.5,3.0,1.0,0.1,1.0,2.355,1.0,1.0,0.0,3.0,simple_ocean.blend,7b25274b-50a2-4b1c-9fa6-8c2b639771fc,5644e00c-d635-4c1c-99f4-8623c055b4e1,963004ab-3e18-4422-a105-ec6660977ab1,72c9590e-7980-4a67-9a28-5246e615279e,False,False,False,False,4.9333863,4.57429,4.118663,5.958277,tugboat_1.blend,classes,"submarine, pigboat, sub, U-boat","submarine, pigboat, sub, U-boat","submarine, pigboat, sub, U-boat","dam, dike, dyke"
48,10.0,0.075,QUADRATIC,0.5,-0.5,0,0.253,1.396,40,1.886,0.2,0,1,0.5,3.0,1.0,0.1,1.0,2.355,1.0,1.0,0.0,3.0,simple_ocean.blend,7d7af545-191e-4228-8d59-89046072a141,56448845-8319-4976-9217-dbc3fd86b67c,822ae6e5-14ce-43d3-a1ca-410632c9109d,8ce7bf78-7b9d-4a73-a29e-019dbb77a6b0,False,False,False,False,5.3701334,4.8171434,4.5175676,3.6809292,tugboat_1.blend,classes,"aircraft carrier, carrier, flattop, attack aircraft carrier","aircraft carrier, carrier, flattop, attack aircraft carrier","submarine, pigboat, sub, U-boat","airship, dirigible"
49,10.0,0.075,QUADRATIC,0.5,-0.5,0,0.253,1.396,40,1.886,0.2,1,1,0.5,3.0,1.0,0.1,1.0,2.355,1.0,1.0,0.0,3.0,simple_ocean.blend,83bdb99b-f1b8-469f-a870-3901019edcea,378ac3aa-8e59-46a8-b05d-9c9b2acd33cb,feee92c4-6289-4cb7-8882-b63557fc5dfa,0888580e-4dbc-449c-b8ea-219abe90edaf,False,False,False,False,4.5428514,4.703292,3.7924665999999996,5.3453712,tugboat_1.blend,classes,"submarine, pigboat, sub, U-boat","aircraft carrier, carrier, flattop, attack aircraft carrier","submarine, pigboat, sub, U-boat","dam, dike, dyke"
50,10.0,0.075,QUADRATIC,0.5,-0.5,0,0.253,1.396,40,1.886,0.2,2,1,0.5,3.0,1.0,0.1,1.0,2.355,1.0,1.0,0.0,3.0,simple_ocean.blend,1e7d4a59-e0c2-473f-a5bf-9a0aa9682fcc,e342120f-f1ab-4441-8d00-b482afc55bf5,9be4d2ca-6bec-4722-a2b8-cd3c0c49c57f,60fd3dd5-dd1c-4188-a84c-9b20950f9bea,False,False,False,False,5.968446,4.9038835,4.855916000000001,7.105038599999999,tugboat_1.blend,classes,"submarine, pigboat, sub, U-boat","dock, dockage, docking facility","aircraft carrier, carrier, flattop, attack aircraft carrier","dam, dike, dyke"
51,10.0,0.15,QUADRATIC,0.5,-0.5,0,0.253,1.396,40,1.886,0.2,0,1,0.5,3.0,1.0,0.1,1.0,2.355,1.0,1.0,0.0,3.0,simple_ocean.blend,a94e4b16-b312-409d-a805-a392766c0900,cdd85f94-3202-4dd4-bed2-b2ffd7cbfc27,89632555-8a10-4b93-a03b-2fa4a747ef2c,d0656eea-6ea6-4ed1-b1ab-7407541c0e39,False,False,False,True,4.650087999999999,5.122656,3.9566413999999996,3.352878,tugboat_1.blend,classes,"aircraft carrier, carrier, flattop, attack aircraft carrier","aircraft carrier, carrier, flattop, attack aircraft carrier","aircraft carrier, carrier, flattop, attack aircraft carrier","container ship, containership, container vessel"
52,10.0,0.15,QUADRATIC,0.5,-0.5,0,0.253,1.396,40,1.886,0.2,1,1,0.5,3.0,1.0,0.1,1.0,2.355,1.0,1.0,0.0,3.0,simple_ocean.blend,47cce387-6516-4fd6-975e-1c4540adeaab,05662a02-e380-4a89-a46f-31d63cb8f4ee,91c4798b-43a2-4b45-b859-c48a2cb16bda,47c9c344-6a31-40e8-bc7a-895438975873,False,False,False,False,5.111347,5.0918245,4.7554684,5.7338404999999995,tugboat_1.blend,classes,"aircraft carrier, carrier, flattop, attack aircraft carrier","aircraft carrier, carrier, flattop, attack aircraft carrier","aircraft carrier, carrier, flattop, attack aircraft carrier","dam, dike, dyke"
53,10.0,0.15,QUADRATIC,0.5,-0.5,0,0.253,1.396,40,1.886,0.2,2,1,0.5,3.0,1.0,0.1,1.0,2.355,1.0,1.0,0.0,3.0,simple_ocean.blend,0244a6e9-2a95-4a54-8757-fd43b1851765,17b62a85-1e29-4886-9689-63afa861f758,50cb21b0-a30e-46e4-9d67-6fb6ba56698c,e7e7ea7a-f741-4b8e-a8da-e0bfe92c9605,False,False,False,False,7.6703844,6.116336,6.920422599999999,7.164525500000001,tugboat_1.blend,classes,bassinet,"dogsled, dog sled, dog sleigh",screw,mosquito net
54,10.0,0.22499999999999998,QUADRATIC,0.5,-0.5,0,0.253,1.396,40,1.886,0.2,0,1,0.5,3.0,1.0,0.1,1.0,2.355,1.0,1.0,0.0,3.0,simple_ocean.blend,a3f133dc-2c2e-4562-9d91-4ccb215d7f7e,894b640e-d0ba-4fd4-89a1-ef1430048f7e,33ed6201-0f16-4551-8b8f-3935d5739b7b,7b082501-79e8-4808-98af-95ec6b648489,False,False,False,True,4.556001,5.3315897,4.9057703,3.1642342,tugboat_1.blend,classes,"aircraft carrier, carrier, flattop, attack aircraft carrier","aircraft carrier, carrier, flattop, attack aircraft carrier","aircraft carrier, carrier, flattop, attack aircraft carrier","container ship, containership, container vessel"
55,10.0,0.22499999999999998,QUADRATIC,0.5,-0.5,0,0.253,1.396,40,1.886,0.2,1,1,0.5,3.0,1.0,0.1,1.0,2.355,1.0,1.0,0.0,3.0,simple_ocean.blend,ef8c51b6-4a89-439e-8302-34eb336c8209,50339246-271d-4eed-9c7d-903be9367810,0a6646bf-0eec-4761-86b4-fbd85f1462ae,f6e8ed6e-85ea-45f2-aeed-e6203e32dbc3,False,False,False,False,7.006569,5.802221,6.2604169999999995,5.8510485,tugboat_1.blend,classes,bassinet,bassinet,nipple,mosquito net
56,10.0,0.22499999999999998,QUADRATIC,0.5,-0.5,0,0.253,1.396,40,1.886,0.2,2,1,0.5,3.0,1.0,0.1,1.0,2.355,1.0,1.0,0.0,3.0,simple_ocean.blend,fb2313a0-f57d-4075-81a3-318f89c1f29c,a7094de7-95d9-4768-b7bd-b647bc9ff470,142eec10-4f96-4d36-a383-ccebcd1b1281,5822255a-fd2f-4564-93a9-72b5b7d38d4c,False,False,False,False,9.479329,7.19672,7.341577,7.811478999999999,tugboat_1.blend,classes,bassinet,bassinet,nipple,mosquito net
57,10.0,0.3,QUADRATIC,0.5,-0.5,0,0.253,1.396,40,1.886,0.2,0,1,0.5,3.0,1.0,0.1,1.0,2.355,1.0,1.0,0.0,3.0,simple_ocean.blend,a147aa6f-dcda-42d7-ba4e-7d48e1cb9b54,1a150ea9-7a91-45f5-b911-a0b1bcd3460a,3b782d50-8777-41d5-bbd1-e7a978135fb7,f4f8794d-ceb8-472e-9a5a-f93d42751bcd,False,False,False,True,6.413289,5.8276315,6.243266,3.1965451000000003,tugboat_1.blend,classes,bassinet,"aircraft carrier, carrier, flattop, attack aircraft carrier",nipple,"container ship, containership, container vessel"
58,10.0,0.3,QUADRATIC,0.5,-0.5,0,0.253,1.396,40,1.886,0.2,1,1,0.5,3.0,1.0,0.1,1.0,2.355,1.0,1.0,0.0,3.0,simple_ocean.blend,8df612da-75a2-491d-85b4-4081cc4df556,66b3446f-b16d-489b-a329-f1bfe39f2971,796646ac-aae8-4165-b993-518728646583,e69840db-f633-47d2-b519-fc480bf710cf,False,False,False,False,8.077263,6.6861562999999995,5.8911066,6.2173862,tugboat_1.blend,classes,bassinet,bassinet,nipple,mosquito net
59,10.0,0.3,QUADRATIC,0.5,-0.5,0,0.253,1.396,40,1.886,0.2,2,1,0.5,3.0,1.0,0.1,1.0,2.355,1.0,1.0,0.0,3.0,simple_ocean.blend,c66c06ce-70aa-47fd-a6f5-2aa64a62b34c,833d8896-9294-48d6-880a-5c0e10f273e3,d53d9aa4-2936-4663-b1b7-7de3310d847d,bd023099-8710-43d7-ab0c-1592cc208e79,False,False,False,False,8.563797000000001,8.144582000000002,5.967803,7.9968147,tugboat_1.blend,classes,nipple,bassinet,nipple,mosquito net
60,10.0,0.0,QUADRATIC,0.5,-0.5,0,0.253,1.396,40,1.886,0.2,0,1,0.5,3.0,1.0,0.1,1.0,3.14,1.0,1.0,0.0,3.0,simple_ocean.blend,9da5939d-c3e1-45e5-ae10-99da1ebe0f83,e7438460-f1b5-4513-994c-0bebad89cf77,99c72954-7a62-423c-8add-e220115965da,fc7b725b-357a-4eb2-8a43-e6b91fb4ae0e,False,False,False,True,6.886935,6.944294999999999,6.1907682,4.2398615,tugboat_1.blend,classes,"aircraft carrier, carrier, flattop, attack aircraft carrier","aircraft carrier, carrier, flattop, attack aircraft carrier","submarine, pigboat, sub, U-boat",fireboat
61,10.0,0.0,QUADRATIC,0.5,-0.5,0,0.253,1.396,40,1.886,0.2,1,1,0.5,3.0,1.0,0.1,1.0,3.14,1.0,1.0,0.0,3.0,simple_ocean.blend,119b0c31-fb76-46f5-a660-32d1cb4542de,a2049204-a85a-4882-aa70-ee1da38bdeb8,e696278a-bb1f-4985-9a54-17db543dccd0,8ac47036-f857-4de1-9dee-dfca1d7dc321,False,False,False,False,6.799352000000001,6.724163000000001,5.973544599999999,6.0783997,tugboat_1.blend,classes,"aircraft carrier, carrier, flattop, attack aircraft carrier","submarine, pigboat, sub, U-boat","submarine, pigboat, sub, U-boat","breakwater, groin, groyne, mole, bulwark, seawall, jetty"
62,10.0,0.0,QUADRATIC,0.5,-0.5,0,0.253,1.396,40,1.886,0.2,2,1,0.5,3.0,1.0,0.1,1.0,3.14,1.0,1.0,0.0,3.0,simple_ocean.blend,e52a3cb4-de1c-4806-a3a3-d3e8399ef729,f658e93c-358b-4722-86fd-f4364b082fd7,27bbdd5d-cd12-44d4-ba39-43633a2604bd,d45760b2-ce96-41d0-b492-90d720e8da9a,False,False,False,False,6.498227,6.717592999999999,5.740089,6.688998,tugboat_1.blend,classes,"aircraft carrier, carrier, flattop, attack aircraft carrier","submarine, pigboat, sub, U-boat","submarine, pigboat, sub, U-boat","breakwater, groin, groyne, mole, bulwark, seawall, jetty"
63,10.0,0.075,QUADRATIC,0.5,-0.5,0,0.253,1.396,40,1.886,0.2,0,1,0.5,3.0,1.0,0.1,1.0,3.14,1.0,1.0,0.0,3.0,simple_ocean.blend,da4e683a-5884-4309-aba6-7cf9943e17e8,38290f45-57df-4cbd-bd20-38e21e494b6d,03f94dd5-07f6-4aec-9c50-2b178f5536f1,ca694589-def5-4baf-b197-c665e0e95b55,False,False,False,False,6.896977400000001,6.66707,5.9384375,4.0933814,tugboat_1.blend,classes,"aircraft carrier, carrier, flattop, attack aircraft carrier","submarine, pigboat, sub, U-boat","submarine, pigboat, sub, U-boat",wreck
64,10.0,0.075,QUADRATIC,0.5,-0.5,0,0.253,1.396,40,1.886,0.2,1,1,0.5,3.0,1.0,0.1,1.0,3.14,1.0,1.0,0.0,3.0,simple_ocean.blend,8b672be4-8ef4-451d-8517-95c2d932990f,35de97f0-cf00-4961-b875-b8592ecd4de2,e0ca4ce2-a2e2-49d7-b4b9-4cc4a96270ff,4c0fc126-2b03-438e-ae9d-79e4d41c7997,False,False,False,False,6.7278899999999995,6.675102000000001,5.657382,6.269968,tugboat_1.blend,classes,"submarine, pigboat, sub, U-boat","submarine, pigboat, sub, U-boat","submarine, pigboat, sub, U-boat","breakwater, groin, groyne, mole, bulwark, seawall, jetty"
65,10.0,0.075,QUADRATIC,0.5,-0.5,0,0.253,1.396,40,1.886,0.2,2,1,0.5,3.0,1.0,0.1,1.0,3.14,1.0,1.0,0.0,3.0,simple_ocean.blend,fe9c941c-f532-456f-a0d5-a1378a17c4de,4a4a400e-b79d-4e40-9b1f-e9a95f79b878,58e2e987-07f8-437f-b6ff-b5aca3ced361,28adbc45-3e93-4f05-9dee-0dd053069af9,False,False,False,False,7.615742999999999,6.607760400000001,5.9404497,6.626356599999999,tugboat_1.blend,classes,wreck,"breakwater, groin, groyne, mole, bulwark, seawall, jetty","submarine, pigboat, sub, U-boat","dam, dike, dyke"
66,10.0,0.15,QUADRATIC,0.5,-0.5,0,0.253,1.396,40,1.886,0.2,0,1,0.5,3.0,1.0,0.1,1.0,3.14,1.0,1.0,0.0,3.0,simple_ocean.blend,4ac43209-14e1-4641-bffc-97de186bfa40,6eb3c8fc-6457-4189-8de1-d0166e537564,8c49cf1d-d279-4a1b-935d-0f63ed257d2b,d8421054-b10d-4f1a-ba0c-924736b92b17,False,False,False,False,6.5226517,6.858297,5.6939497,4.1268497,tugboat_1.blend,classes,"warplane, military plane","aircraft carrier, carrier, flattop, attack aircraft carrier","submarine, pigboat, sub, U-boat","breakwater, groin, groyne, mole, bulwark, seawall, jetty"
67,10.0,0.15,QUADRATIC,0.5,-0.5,0,0.253,1.396,40,1.886,0.2,1,1,0.5,3.0,1.0,0.1,1.0,3.14,1.0,1.0,0.0,3.0,simple_ocean.blend,2b383bf5-b307-42c2-9c53-94337c5ea288,ed65c22c-7346-4a5e-8ce4-2146bcb363e0,6c7049cc-5638-48e1-b70d-9aa63157e563,af878c9b-3001-4673-b096-cfd2fdfc6ad4,False,False,False,False,6.8113339999999996,5.9415835999999995,5.47091,6.1526847,tugboat_1.blend,classes,"warplane, military plane","submarine, pigboat, sub, U-boat","aircraft carrier, carrier, flattop, attack aircraft carrier","breakwater, groin, groyne, mole, bulwark, seawall, jetty"
68,10.0,0.15,QUADRATIC,0.5,-0.5,0,0.253,1.396,40,1.886,0.2,2,1,0.5,3.0,1.0,0.1,1.0,3.14,1.0,1.0,0.0,3.0,simple_ocean.blend,3503ba5f-f656-4885-8f06-6d2e91bd40e2,fecfdf6d-f8c0-4d79-8a43-79c44f98e320,7af349e8-5e9d-43a4-9364-1048ccac4435,373c9fc7-e7bd-4cfb-854b-9033b813ca95,False,False,False,False,8.861556,7.390532,6.6024956999999995,7.137103,tugboat_1.blend,classes,screw,"chime, bell, gong",screw,"dam, dike, dyke"
69,10.0,0.22499999999999998,QUADRATIC,0.5,-0.5,0,0.253,1.396,40,1.886,0.2,0,1,0.5,3.0,1.0,0.1,1.0,3.14,1.0,1.0,0.0,3.0,simple_ocean.blend,3d652e3e-de82-4f4c-afa5-89a745c05028,999f2efe-f029-4662-95c6-18f35ae9041b,0a797abb-1b74-45b6-b93e-33e7b307d5ff,d71be793-58b4-4d76-9469-e62aeb996f6e,False,False,False,False,5.895136,6.4084764000000005,5.4681387,4.3383226,tugboat_1.blend,classes,"warplane, military plane","aircraft carrier, carrier, flattop, attack aircraft carrier","aircraft carrier, carrier, flattop, attack aircraft carrier","submarine, pigboat, sub, U-boat"
70,10.0,0.22499999999999998,QUADRATIC,0.5,-0.5,0,0.253,1.396,40,1.886,0.2,1,1,0.5,3.0,1.0,0.1,1.0,3.14,1.0,1.0,0.0,3.0,simple_ocean.blend,db8042d3-7056-4f45-9b57-3f81ca8ce6f3,740d108a-3ef6-45b9-83c2-859d8e13ab75,0c641586-6141-4615-b296-870ae73c62cd,8884cf6e-ecc1-4337-8fdd-e35fa7889a0b,False,False,False,False,7.486643300000001,5.7098913,5.775851,5.8210545,tugboat_1.blend,classes,bassinet,"aircraft carrier, carrier, flattop, attack aircraft carrier","starfish, sea star","breakwater, groin, groyne, mole, bulwark, seawall, jetty"
71,10.0,0.22499999999999998,QUADRATIC,0.5,-0.5,0,0.253,1.396,40,1.886,0.2,2,1,0.5,3.0,1.0,0.1,1.0,3.14,1.0,1.0,0.0,3.0,simple_ocean.blend,385da26c-cf7f-4e5a-8cee-cca158ea7a1e,1ddd6862-8b67-41d4-9bdc-9e90188e3852,7100a0ed-46b7-40b1-b936-c3b91dccc2dd,d98b7937-ccb3-43a6-86d9-68d05cbde5f1,False,False,False,False,9.568137,7.461255599999999,7.149478,7.2387570000000006,tugboat_1.blend,classes,bassinet,shower curtain,nipple,shower curtain
72,10.0,0.3,QUADRATIC,0.5,-0.5,0,0.253,1.396,40,1.886,0.2,0,1,0.5,3.0,1.0,0.1,1.0,3.14,1.0,1.0,0.0,3.0,simple_ocean.blend,14f14b49-782e-493e-8e26-87d2d81bcd23,62594a28-6fc0-4a8b-a214-12e0d8d5e568,a98338e3-8307-4319-9346-a5ba13f4da58,dee3e844-ed2a-42af-9522-a52441bf669e,False,False,False,False,6.596347,5.729439,5.984089,4.4457674,tugboat_1.blend,classes,"warplane, military plane","aircraft carrier, carrier, flattop, attack aircraft carrier",nipple,"submarine, pigboat, sub, U-boat"
73,10.0,0.3,QUADRATIC,0.5,-0.5,0,0.253,1.396,40,1.886,0.2,1,1,0.5,3.0,1.0,0.1,1.0,3.14,1.0,1.0,0.0,3.0,simple_ocean.blend,4e4c00b6-586a-44d5-b116-ab9161303846,ed438d4b-42ec-4598-9e47-0486123c123b,1fa933ed-4a26-4099-80f6-fd2501cfa515,a07f5bb8-ce60-4f57-9468-3945c6917a36,False,False,False,False,7.836463,5.9872794,5.9229407,5.6036944,tugboat_1.blend,classes,bassinet,jigsaw puzzle,nipple,"breakwater, groin, groyne, mole, bulwark, seawall, jetty"
74,10.0,0.3,QUADRATIC,0.5,-0.5,0,0.253,1.396,40,1.886,0.2,2,1,0.5,3.0,1.0,0.1,1.0,3.14,1.0,1.0,0.0,3.0,simple_ocean.blend,387f83be-789b-4289-b07e-3c56f3f106c8,6679ac72-90ea-45c1-b478-00b64f4bdb45,a4ee72dd-83b0-4aa1-9f1b-b94514c125c4,422d72ab-c424-4517-b231-251e8a6d9e92,False,False,False,False,8.531882000000001,7.907929400000001,5.974116,7.233695,tugboat_1.blend,classes,bassinet,bassinet,nipple,shower curtain
